date,year,month,month_name,ward_id,ward_name,latitude,longitude,rainfall_mm,rainy_days,max_24h_rainfall_mm,rainfall_intensity_category,spatial_resolution,data_status,source_note
2025-09-01,2025,9,September,1,KMC Ward 1,22.570221,88.408116,183.1,19,52,High,ward_representative_point,SYNTHETIC_MVP_SPATIALIZED,Replace with official station/grid observations before ML validation
2025-10-01,2025,10,October,1,KMC Ward 1,22.570221,88.408116,158.3,13,44.3,High,ward_representative_point,SYNTHETIC_MVP_SPATIALIZED,Replace with official station/grid observations before ML validation
2025-11-01,2025,11,November,1,KMC Ward 1,22.570221,88.408116,31.1,3,9.8,Low,ward_representative_point,SYNTHETIC_MVP_SPATIALIZED,Replace with official station/grid observations before ML validation
2025-12-01,2025,12,December,1,KMC Ward 1,22.570221,88.408116,13.5,0,5.5,Very Low,ward_representative_point,SYNTHETIC_MVP_SPATIALIZED,Replace with official station/grid observations before ML validation
2026-01-01,2026,1,January,1,KMC Ward 1,22.570221,88.408116,10,1,4.1,Very Low,ward_representative_point,SYNTHETIC_MVP_SPATIALIZED,Replace with official station/grid observations before ML validation
2026-02-01,2026,2,February,1,KMC Ward 1,22.570221,88.408116,23.7,3,7.9,Low,ward_representative_point,SYNTHETIC_MVP_SPATIALIZED,Replace with official station/grid observations before ML validation
2026-03-01,2026,3,March,1,KMC Ward 1,22.570221,88.408116,31.2,1,12.8,Low,ward_representative_point,SYNTHETIC_MVP_SPATIALIZED,Replace with official station/grid observations before ML validation
2026-04-01,2026,4,April,1,KMC Ward 1,22.570221,88.408116,87.6,7,33,Moderate,ward_representative_point,SYNTHETIC_MVP_SPATIALIZED,Replace with official station/grid observations before ML validation
2026-05-01,2026,5,May,1,KMC Ward 1,22.570221,88.408116,124.7,7,34.8,Moderate,ward_representative_point,SYNTHETIC_MVP_SPATIALIZED,Replace with official station/grid observations before ML validation
2026-06-01,2026,6,June,1,KMC Ward 1,22.570221,88.408116,229.3,19,92.7,High,ward_representative_point,SYNTHETIC_MVP_SPATIALIZED,Replace with official station/grid observations before ML validation
2026-07-01,2026,7,July,1,KMC Ward 1,22.570221,88.408116,299.1,25,89.6,High,ward_representative_point,SYNTHETIC_MVP_SPATIALIZED,Replace with official station/grid observations before ML validation
2026-08-01,2026,8,August,1,KMC Ward 1,22.570221,88.408116,269.9,21,81.1,High,ward_representative_point,SYNTHETIC_MVP_SPATIALIZED,Replace with official station/grid observations before ML validation
2025-09-01,2025,9,September,2,KMC Ward 2,22.569479,88.434311,235.2,18,102.1,High,ward_representative_point,SYNTHETIC_MVP_SPATIALIZED,Replace with official station/grid observations before ML validation
2025-10-01,2025,10,October,2,KMC Ward 2,22.569479,88.434311,169.8,13,40.2,High,ward_representative_point,SYNTHETIC_MVP_SPATIALIZED,Replace with official station/grid observations before ML validation
2025-11-01,2025,11,November,2,KMC Ward 2,22.569479,88.434311,35.7,1,11.9,Low,ward_representative_point,SYNTHETIC_MVP_SPATIALIZED,Replace with official station/grid observations before ML validation
2025-12-01,2025,12,December,2,KMC Ward 2,22.569479,88.434311,11.4,4,2.7,Very Low,ward_representative_point,SYNTHETIC_MVP_SPATIALIZED,Replace with official station/grid observations before ML validation
2026-01-01,2026,1,January,2,KMC Ward 2,22.569479,88.434311,11.7,2,4.5,Very Low,ward_representative_point,SYNTHETIC_MVP_SPATIALIZED,Replace with official station/grid observations before ML validation
2026-02-01,2026,2,February,2,KMC Ward 2,22.569479,88.434311,16.1,1,3.3,Very Low,ward_representative_point,SYNTHETIC_MVP_SPATIALIZED,Replace with official station/grid observations before ML validation
2026-03-01,2026,3,March,2,KMC Ward 2,22.569479,88.434311,33.1,2,10.5,Low,ward_representative_point,SYNTHETIC_MVP_SPATIALIZED,Replace with official station/grid observations before ML validation
2026-04-01,2026,4,April,2,KMC Ward 2,22.569479,88.434311,64,6,23.3,Moderate,ward_representative_point,SYNTHETIC_MVP_SPATIALIZED,Replace with official station/grid observations before ML validation
2026-05-01,2026,5,May,2,KMC Ward 2,22.569479,88.434311,145.2,11,57.4,Moderate,ward_representative_point,SYNTHETIC_MVP_SPATIALIZED,Replace with official station/grid observations before ML validation
2026-06-01,2026,6,June,2,KMC Ward 2,22.569479,88.434311,355.6,29,148.8,Very High,ward_representative_point,SYNTHETIC_MVP_SPATIALIZED,Replace with official station/grid observations before ML validation
2026-07-01,2026,7,July,2,KMC Ward 2,22.569479,88.434311,463.7,31,117.3,Very High,ward_representative_point,SYNTHETIC_MVP_SPATIALIZED,Replace with official station/grid observations before ML validation
2026-08-01,2026,8,August,2,KMC Ward 2,22.569479,88.434311,444,31,181.5,Very High,ward_representative_point,SYNTHETIC_MVP_SPATIALIZED,Replace with official station/grid observations before ML validation
2025-09-01,2025,9,September,3,KMC Ward 3,22.58141,88.451754,223.9,19,94.7,High,ward_representative_point,SYNTHETIC_MVP_SPATIALIZED,Replace with official station/grid observations before ML validation
2025-10-01,2025,10,October,3,KMC Ward 3,22.58141,88.451754,139,15,50.6,Moderate,ward_representative_point,SYNTHETIC_MVP_SPATIALIZED,Replace with official station/grid observations before ML validation
2025-11-01,2025,11,November,3,KMC Ward 3,22.58141,88.451754,34.3,3,10.9,Low,ward_representative_point,SYNTHETIC_MVP_SPATIALIZED,Replace with official station/grid observations before ML validation
2025-12-01,2025,12,December,3,KMC Ward 3,22.58141,88.451754,12.1,0,3.3,Very Low,ward_representative_point,SYNTHETIC_MVP_SPATIALIZED,Replace with official station/grid observations before ML validation
2026-01-01,2026,1,January,3,KMC Ward 3,22.58141,88.451754,8.2,0,2.9,Very Low,ward_representative_point,SYNTHETIC_MVP_SPATIALIZED,Replace with official station/grid observations before ML validation
2026-02-01,2026,2,February,3,KMC Ward 3,22.58141,88.451754,21,1,6.1,Low,ward_representative_point,SYNTHETIC_MVP_SPATIALIZED,Replace with official station/grid observations before ML validation
2026-03-01,2026,3,March,3,KMC Ward 3,22.58141,88.451754,47.5,4,17.1,Low,ward_representative_point,SYNTHETIC_MVP_SPATIALIZED,Replace with official station/grid observations before ML validation
2026-04-01,2026,4,April,3,KMC Ward 3,22.58141,88.451754,87.7,8,35.8,Moderate,ward_representative_point,SYNTHETIC_MVP_SPATIALIZED,Replace with official station/grid observations before ML validation
2026-05-01,2026,5,May,3,KMC Ward 3,22.58141,88.451754,183.2,12,46.6,High,ward_representative_point,SYNTHETIC_MVP_SPATIALIZED,Replace with official station/grid observations before ML validation
2026-06-01,2026,6,June,3,KMC Ward 3,22.58141,88.451754,325.9,27,67.9,Very High,ward_representative_point,SYNTHETIC_MVP_SPATIALIZED,Replace with official station/grid observations before ML validation
2026-07-01,2026,7,July,3,KMC Ward 3,22.58141,88.451754,364,30,101.6,Very High,ward_representative_point,SYNTHETIC_MVP_SPATIALIZED,Replace with official station/grid observations before ML validation
2026-08-01,2026,8,August,3,KMC Ward 3,22.58141,88.451754,399.7,31,153.9,Very High,ward_representative_point,SYNTHETIC_MVP_SPATIALIZED,Replace with official station/grid observations before ML validation
2025-09-01,2025,9,September,4,KMC Ward 4,22.574563,88.389601,280.5,25,104.4,High,ward_representative_point,SYNTHETIC_MVP_SPATIALIZED,Replace with official station/grid observations before ML validation
2025-10-01,2025,10,October,4,KMC Ward 4,22.574563,88.389601,122.8,9,47.9,Moderate,ward_representative_point,SYNTHETIC_MVP_SPATIALIZED,Replace with official station/grid observations before ML validation
2025-11-01,2025,11,November,4,KMC Ward 4,22.574563,88.389601,24.7,0,8.5,Low,ward_representative_point,SYNTHETIC_MVP_SPATIALIZED,Replace with official station/grid observations before ML validation
2025-12-01,2025,12,December,4,KMC Ward 4,22.574563,88.389601,10.7,2,3.8,Very Low,ward_representative_point,SYNTHETIC_MVP_SPATIALIZED,Replace with official station/grid observations before ML validation
2026-01-01,2026,1,January,4,KMC Ward 4,22.574563,88.389601,9.3,2,2.4,Very Low,ward_representative_point,SYNTHETIC_MVP_SPATIALIZED,Replace with official station/grid observations before ML validation
2026-02-01,2026,2,February,4,KMC Ward 4,22.574563,88.389601,14.7,0,6.3,Very Low,ward_representative_point,SYNTHETIC_MVP_SPATIALIZED,Replace with official station/grid observations before ML validation
2026-03-01,2026,3,March,4,KMC Ward 4,22.574563,88.389601,29.8,6,6.5,Low,ward_representative_point,SYNTHETIC_MVP_SPATIALIZED,Replace with official station/grid observations before ML validation
2026-04-01,2026,4,April,4,KMC Ward 4,22.574563,88.389601,71.2,5,16.5,Moderate,ward_representative_point,SYNTHETIC_MVP_SPATIALIZED,Replace with official station/grid observations before ML validation
2026-05-01,2026,5,May,4,KMC Ward 4,22.574563,88.389601,102.6,9,28.3,Moderate,ward_representative_point,SYNTHETIC_MVP_SPATIALIZED,Replace with official station/grid observations before ML validation
2026-06-01,2026,6,June,4,KMC Ward 4,22.574563,88.389601,273.8,24,102.7,High,ward_representative_point,SYNTHETIC_MVP_SPATIALIZED,Replace with official station/grid observations before ML validation
2026-07-01,2026,7,July,4,KMC Ward 4,22.574563,88.389601,403.5,31,130.7,Very High,ward_representative_point,SYNTHETIC_MVP_SPATIALIZED,Replace with official station/grid observations before ML validation
2026-08-01,2026,8,August,4,KMC Ward 4,22.574563,88.389601,296.3,23,115.2,High,ward_representative_point,SYNTHETIC_MVP_SPATIALIZED,Replace with official station/grid observations before ML validation
2025-09-01,2025,9,September,5,KMC Ward 5,22.579168,88.410272,259.1,28,114.2,High,ward_representative_point,SYNTHETIC_MVP_SPATIALIZED,Replace with official station/grid observations before ML validation
2025-10-01,2025,10,October,5,KMC Ward 5,22.579168,88.410272,155.8,11,56.9,High,ward_representative_point,SYNTHETIC_MVP_SPATIALIZED,Replace with official station/grid observations before ML validation
2025-11-01,2025,11,November,5,KMC Ward 5,22.579168,88.410272,39.2,3,16.6,Low,ward_representative_point,SYNTHETIC_MVP_SPATIALIZED,Replace with official station/grid observations before ML validation
2025-12-01,2025,12,December,5,KMC Ward 5,22.579168,88.410272,7.2,0,1.6,Very Low,ward_representative_point,SYNTHETIC_MVP_SPATIALIZED,Replace with official station/grid observations before ML validation
2026-01-01,2026,1,January,5,KMC Ward 5,22.579168,88.410272,12.5,2,5.4,Very Low,ward_representative_point,SYNTHETIC_MVP_SPATIALIZED,Replace with official station/grid observations before ML validation
2026-02-01,2026,2,February,5,KMC Ward 5,22.579168,88.410272,17.4,0,4.1,Very Low,ward_representative_point,SYNTHETIC_MVP_SPATIALIZED,Replace with official station/grid observations before ML validation
2026-03-01,2026,3,March,5,KMC Ward 5,22.579168,88.410272,27.7,1,5.6,Low,ward_representative_point,SYNTHETIC_MVP_SPATIALIZED,Replace with official station/grid observations before ML validation
2026-04-01,2026,4,April,5,KMC Ward 5,22.579168,88.410272,60.2,5,22.1,Moderate,ward_representative_point,SYNTHETIC_MVP_SPATIALIZED,Replace with official station/grid observations before ML validation
2026-05-01,2026,5,May,5,KMC Ward 5,22.579168,88.410272,91,8,25.6,Moderate,ward_representative_point,SYNTHETIC_MVP_SPATIALIZED,Replace with official station/grid observations before ML validation
2026-06-01,2026,6,June,5,KMC Ward 5,22.579168,88.410272,175.4,14,73.9,High,ward_representative_point,SYNTHETIC_MVP_SPATIALIZED,Replace with official station/grid observations before ML validation
2026-07-01,2026,7,July,5,KMC Ward 5,22.579168,88.410272,315.9,25,81.4,Very High,ward_representative_point,SYNTHETIC_MVP_SPATIALIZED,Replace with official station/grid observations before ML validation
2026-08-01,2026,8,August,5,KMC Ward 5,22.579168,88.410272,303.4,23,97.4,Very High,ward_representative_point,SYNTHETIC_MVP_SPATIALIZED,Replace with official station/grid observations before ML validation
2025-09-01,2025,9,September,6,KMC Ward 6,22.588326,88.434301,319.5,27,103.6,Very High,ward_representative_point,SYNTHETIC_MVP_SPATIALIZED,Replace with official station/grid observations before ML validation
2025-10-01,2025,10,October,6,KMC Ward 6,22.588326,88.434301,107.2,9,37.4,Moderate,ward_representative_point,SYNTHETIC_MVP_SPATIALIZED,Replace with official station/grid observations before ML validation
2025-11-01,2025,11,November,6,KMC Ward 6,22.588326,88.434301,35.5,3,13.3,Low,ward_representative_point,SYNTHETIC_MVP_SPATIALIZED,Replace with official station/grid observations before ML validation
2025-12-01,2025,12,December,6,KMC Ward 6,22.588326,88.434301,14.8,0,5.1,Very Low,ward_representative_point,SYNTHETIC_MVP_SPATIALIZED,Replace with official station/grid observations before ML validation
2026-01-01,2026,1,January,6,KMC Ward 6,22.588326,88.434301,8,0,1.9,Very Low,ward_representative_point,SYNTHETIC_MVP_SPATIALIZED,Replace with official station/grid observations before ML validation
2026-02-01,2026,2,February,6,KMC Ward 6,22.588326,88.434301,14.1,1,6,Very Low,ward_representative_point,SYNTHETIC_MVP_SPATIALIZED,Replace with official station/grid observations before ML validation
2026-03-01,2026,3,March,6,KMC Ward 6,22.588326,88.434301,40.5,1,11,Low,ward_representative_point,SYNTHETIC_MVP_SPATIALIZED,Replace with official station/grid observations before ML validation
2026-04-01,2026,4,April,6,KMC Ward 6,22.588326,88.434301,62.5,8,19.2,Moderate,ward_representative_point,SYNTHETIC_MVP_SPATIALIZED,Replace with official station/grid observations before ML validation
2026-05-01,2026,5,May,6,KMC Ward 6,22.588326,88.434301,95.9,9,31,Moderate,ward_representative_point,SYNTHETIC_MVP_SPATIALIZED,Replace with official station/grid observations before ML validation
2026-06-01,2026,6,June,6,KMC Ward 6,22.588326,88.434301,208.3,19,70,High,ward_representative_point,SYNTHETIC_MVP_SPATIALIZED,Replace with official station/grid observations before ML validation
2026-07-01,2026,7,July,6,KMC Ward 6,22.588326,88.434301,134.1,10,46.6,Moderate,ward_representative_point,SYNTHETIC_MVP_SPATIALIZED,Replace with official station/grid observations before ML validation
2026-08-01,2026,8,August,6,KMC Ward 6,22.588326,88.434301,345.1,31,130.8,Very High,ward_representative_point,SYNTHETIC_MVP_SPATIALIZED,Replace with official station/grid observations before ML validation
2025-09-01,2025,9,September,7,KMC Ward 7,22.593864,88.453722,206.2,15,59.4,High,ward_representative_point,SYNTHETIC_MVP_SPATIALIZED,Replace with official station/grid observations before ML validation
2025-10-01,2025,10,October,7,KMC Ward 7,22.593864,88.453722,174,17,77.3,High,ward_representative_point,SYNTHETIC_MVP_SPATIALIZED,Replace with official station/grid observations before ML validation
2025-11-01,2025,11,November,7,KMC Ward 7,22.593864,88.453722,41.5,6,15.9,Low,ward_representative_point,SYNTHETIC_MVP_SPATIALIZED,Replace with official station/grid observations before ML validation
2025-12-01,2025,12,December,7,KMC Ward 7,22.593864,88.453722,20.9,4,8.1,Low,ward_representative_point,SYNTHETIC_MVP_SPATIALIZED,Replace with official station/grid observations before ML validation
2026-01-01,2026,1,January,7,KMC Ward 7,22.593864,88.453722,11.9,0,2.7,Very Low,ward_representative_point,SYNTHETIC_MVP_SPATIALIZED,Replace with official station/grid observations before ML validation
2026-02-01,2026,2,February,7,KMC Ward 7,22.593864,88.453722,22.9,5,7.9,Low,ward_representative_point,SYNTHETIC_MVP_SPATIALIZED,Replace with official station/grid observations before ML validation
2026-03-01,2026,3,March,7,KMC Ward 7,22.593864,88.453722,43.8,3,9.8,Low,ward_representative_point,SYNTHETIC_MVP_SPATIALIZED,Replace with official station/grid observations before ML validation
2026-04-01,2026,4,April,7,KMC Ward 7,22.593864,88.453722,71.6,7,17.7,Moderate,ward_representative_point,SYNTHETIC_MVP_SPATIALIZED,Replace with official station/grid observations before ML validation
2026-05-01,2026,5,May,7,KMC Ward 7,22.593864,88.453722,96.3,8,40,Moderate,ward_representative_point,SYNTHETIC_MVP_SPATIALIZED,Replace with official station/grid observations before ML validation
2026-06-01,2026,6,June,7,KMC Ward 7,22.593864,88.453722,303.3,28,94.2,Very High,ward_representative_point,SYNTHETIC_MVP_SPATIALIZED,Replace with official station/grid observations before ML validation
2026-07-01,2026,7,July,7,KMC Ward 7,22.593864,88.453722,241.3,21,99.9,High,ward_representative_point,SYNTHETIC_MVP_SPATIALIZED,Replace with official station/grid observations before ML validation
2026-08-01,2026,8,August,7,KMC Ward 7,22.593864,88.453722,344.6,28,112.2,Very High,ward_representative_point,SYNTHETIC_MVP_SPATIALIZED,Replace with official station/grid observations before ML validation
2025-09-01,2025,9,September,8,KMC Ward 8,22.580909,88.389968,260.6,21,67.4,High,ward_representative_point,SYNTHETIC_MVP_SPATIALIZED,Replace with official station/grid observations before ML validation
2025-10-01,2025,10,October,8,KMC Ward 8,22.580909,88.389968,119,11,38.2,Moderate,ward_representative_point,SYNTHETIC_MVP_SPATIALIZED,Replace with official station/grid observations before ML validation
2025-11-01,2025,11,November,8,KMC Ward 8,22.580909,88.389968,36.4,5,15.8,Low,ward_representative_point,SYNTHETIC_MVP_SPATIALIZED,Replace with official station/grid observations before ML validation
2025-12-01,2025,12,December,8,KMC Ward 8,22.580909,88.389968,8.7,0,3.1,Very Low,ward_representative_point,SYNTHETIC_MVP_SPATIALIZED,Replace with official station/grid observations before ML validation
2026-01-01,2026,1,January,8,KMC Ward 8,22.580909,88.389968,6.2,0,1.6,Very Low,ward_representative_point,SYNTHETIC_MVP_SPATIALIZED,Replace with official station/grid observations before ML validation
2026-02-01,2026,2,February,8,KMC Ward 8,22.580909,88.389968,17.4,0,4.2,Very Low,ward_representative_point,SYNTHETIC_MVP_SPATIALIZED,Replace with official station/grid observations before ML validation
2026-03-01,2026,3,March,8,KMC Ward 8,22.580909,88.389968,30.3,1,6.3,Low,ward_representative_point,SYNTHETIC_MVP_SPATIALIZED,Replace with official station/grid observations before ML validation
2026-04-01,2026,4,April,8,KMC Ward 8,22.580909,88.389968,65.5,6,22.7,Moderate,ward_representative_point,SYNTHETIC_MVP_SPATIALIZED,Replace with official station/grid observations before ML validation
2026-05-01,2026,5,May,8,KMC Ward 8,22.580909,88.389968,126.6,16,33.5,Moderate,ward_representative_point,SYNTHETIC_MVP_SPATIALIZED,Replace with official station/grid observations before ML validation
2026-06-01,2026,6,June,8,KMC Ward 8,22.580909,88.389968,356,31,158.5,Very High,ward_representative_point,SYNTHETIC_MVP_SPATIALIZED,Replace with official station/grid observations before ML validation
2026-07-01,2026,7,July,8,KMC Ward 8,22.580909,88.389968,433.2,31,102.4,Very High,ward_representative_point,SYNTHETIC_MVP_SPATIALIZED,Replace with official station/grid observations before ML validation
2026-08-01,2026,8,August,8,KMC Ward 8,22.580909,88.389968,291.1,24,125.7,High,ward_representative_point,SYNTHETIC_MVP_SPATIALIZED,Replace with official station/grid observations before ML validation
2025-09-01,2025,9,September,9,KMC Ward 9,22.587205,88.414387,211.9,18,69.2,High,ward_representative_point,SYNTHETIC_MVP_SPATIALIZED,Replace with official station/grid observations before ML validation
2025-10-01,2025,10,October,9,KMC Ward 9,22.587205,88.414387,126.3,12,41.4,Moderate,ward_representative_point,SYNTHETIC_MVP_SPATIALIZED,Replace with official station/grid observations before ML validation
2025-11-01,2025,11,November,9,KMC Ward 9,22.587205,88.414387,29.1,0,10.2,Low,ward_representative_point,SYNTHETIC_MVP_SPATIALIZED,Replace with official station/grid observations before ML validation
2025-12-01,2025,12,December,9,KMC Ward 9,22.587205,88.414387,11.3,1,2.5,Very Low,ward_representative_point,SYNTHETIC_MVP_SPATIALIZED,Replace with official station/grid observations before ML validation
2026-01-01,2026,1,January,9,KMC Ward 9,22.587205,88.414387,10.6,0,4.4,Very Low,ward_representative_point,SYNTHETIC_MVP_SPATIALIZED,Replace with official station/grid observations before ML validation
2026-02-01,2026,2,February,9,KMC Ward 9,22.587205,88.414387,22,4,8.8,Low,ward_representative_point,SYNTHETIC_MVP_SPATIALIZED,Replace with official station/grid observations before ML validation
2026-03-01,2026,3,March,9,KMC Ward 9,22.587205,88.414387,29.2,0,11.3,Low,ward_representative_point,SYNTHETIC_MVP_SPATIALIZED,Replace with official station/grid observations before ML validation
2026-04-01,2026,4,April,9,KMC Ward 9,22.587205,88.414387,70.4,8,22,Moderate,ward_representative_point,SYNTHETIC_MVP_SPATIALIZED,Replace with official station/grid observations before ML validation
2026-05-01,2026,5,May,9,KMC Ward 9,22.587205,88.414387,102.4,11,27.9,Moderate,ward_representative_point,SYNTHETIC_MVP_SPATIALIZED,Replace with official station/grid observations before ML validation
2026-06-01,2026,6,June,9,KMC Ward 9,22.587205,88.414387,249.6,22,71.9,High,ward_representative_point,SYNTHETIC_MVP_SPATIALIZED,Replace with official station/grid observations before ML validation
2026-07-01,2026,7,July,9,KMC Ward 9,22.587205,88.414387,306.3,26,128.5,Very High,ward_representative_point,SYNTHETIC_MVP_SPATIALIZED,Replace with official station/grid observations before ML validation
2026-08-01,2026,8,August,9,KMC Ward 9,22.587205,88.414387,392.5,31,169,Very High,ward_representative_point,SYNTHETIC_MVP_SPATIALIZED,Replace with official station/grid observations before ML validation
2025-09-01,2025,9,September,10,KMC Ward 10,22.59764,88.428747,215.1,17,61.3,High,ward_representative_point,SYNTHETIC_MVP_SPATIALIZED,Replace with official station/grid observations before ML validation
2025-10-01,2025,10,October,10,KMC Ward 10,22.59764,88.428747,122.9,10,31.6,Moderate,ward_representative_point,SYNTHETIC_MVP_SPATIALIZED,Replace with official station/grid observations before ML validation
2025-11-01,2025,11,November,10,KMC Ward 10,22.59764,88.428747,35.4,0,12.2,Low,ward_representative_point,SYNTHETIC_MVP_SPATIALIZED,Replace with official station/grid observations before ML validation
2025-12-01,2025,12,December,10,KMC Ward 10,22.59764,88.428747,12.2,1,4.9,Very Low,ward_representative_point,SYNTHETIC_MVP_SPATIALIZED,Replace with official station/grid observations before ML validation
2026-01-01,2026,1,January,10,KMC Ward 10,22.59764,88.428747,9.1,0,3.9,Very Low,ward_representative_point,SYNTHETIC_MVP_SPATIALIZED,Replace with official station/grid observations before ML validation
2026-02-01,2026,2,February,10,KMC Ward 10,22.59764,88.428747,17.9,0,7.7,Very Low,ward_representative_point,SYNTHETIC_MVP_SPATIALIZED,Replace with official station/grid observations before ML validation
2026-03-01,2026,3,March,10,KMC Ward 10,22.59764,88.428747,37.6,4,16.1,Low,ward_representative_point,SYNTHETIC_MVP_SPATIALIZED,Replace with official station/grid observations before ML validation
2026-04-01,2026,4,April,10,KMC Ward 10,22.59764,88.428747,73.9,6,24.5,Moderate,ward_representative_point,SYNTHETIC_MVP_SPATIALIZED,Replace with official station/grid observations before ML validation
2026-05-01,2026,5,May,10,KMC Ward 10,22.59764,88.428747,94.7,8,26.1,Moderate,ward_representative_point,SYNTHETIC_MVP_SPATIALIZED,Replace with official station/grid observations before ML validation
2026-06-01,2026,6,June,10,KMC Ward 10,22.59764,88.428747,292.6,24,76.9,High,ward_representative_point,SYNTHETIC_MVP_SPATIALIZED,Replace with official station/grid observations before ML validation
2026-07-01,2026,7,July,10,KMC Ward 10,22.59764,88.428747,334.6,26,90.2,Very High,ward_representative_point,SYNTHETIC_MVP_SPATIALIZED,Replace with official station/grid observations before ML validation
2026-08-01,2026,8,August,10,KMC Ward 10,22.59764,88.428747,248.7,19,74.3,High,ward_representative_point,SYNTHETIC_MVP_SPATIALIZED,Replace with official station/grid observations before ML validation
2025-09-01,2025,9,September,11,KMC Ward 11,22.607789,88.454037,174.8,13,46.5,High,ward_representative_point,SYNTHETIC_MVP_SPATIALIZED,Replace with official station/grid observations before ML validation
2025-10-01,2025,10,October,11,KMC Ward 11,22.607789,88.454037,62.5,5,21.7,Moderate,ward_representative_point,SYNTHETIC_MVP_SPATIALIZED,Replace with official station/grid observations before ML validation
2025-11-01,2025,11,November,11,KMC Ward 11,22.607789,88.454037,39.1,2,16.1,Low,ward_representative_point,SYNTHETIC_MVP_SPATIALIZED,Replace with official station/grid observations before ML validation
2025-12-01,2025,12,December,11,KMC Ward 11,22.607789,88.454037,13.4,0,5.7,Very Low,ward_representative_point,SYNTHETIC_MVP_SPATIALIZED,Replace with official station/grid observations before ML validation
2026-01-01,2026,1,January,11,KMC Ward 11,22.607789,88.454037,8.5,0,3.4,Very Low,ward_representative_point,SYNTHETIC_MVP_SPATIALIZED,Replace with official station/grid observations before ML validation
2026-02-01,2026,2,February,11,KMC Ward 11,22.607789,88.454037,24.2,2,8.1,Low,ward_representative_point,SYNTHETIC_MVP_SPATIALIZED,Replace with official station/grid observations before ML validation
2026-03-01,2026,3,March,11,KMC Ward 11,22.607789,88.454037,22.9,3,6.8,Low,ward_representative_point,SYNTHETIC_MVP_SPATIALIZED,Replace with official station/grid observations before ML validation
2026-04-01,2026,4,April,11,KMC Ward 11,22.607789,88.454037,60.8,8,19.3,Moderate,ward_representative_point,SYNTHETIC_MVP_SPATIALIZED,Replace with official station/grid observations before ML validation
2026-05-01,2026,5,May,11,KMC Ward 11,22.607789,88.454037,111.1,9,33.3,Moderate,ward_representative_point,SYNTHETIC_MVP_SPATIALIZED,Replace with official station/grid observations before ML validation
2026-06-01,2026,6,June,11,KMC Ward 11,22.607789,88.454037,144.4,12,42.7,Moderate,ward_representative_point,SYNTHETIC_MVP_SPATIALIZED,Replace with official station/grid observations before ML validation
2026-07-01,2026,7,July,11,KMC Ward 11,22.607789,88.454037,427.8,31,87.2,Very High,ward_representative_point,SYNTHETIC_MVP_SPATIALIZED,Replace with official station/grid observations before ML validation
2026-08-01,2026,8,August,11,KMC Ward 11,22.607789,88.454037,330,28,107.7,Very High,ward_representative_point,SYNTHETIC_MVP_SPATIALIZED,Replace with official station/grid observations before ML validation
2025-09-01,2025,9,September,12,KMC Ward 12,22.585674,88.39313,266.3,25,59.8,High,ward_representative_point,SYNTHETIC_MVP_SPATIALIZED,Replace with official station/grid observations before ML validation
2025-10-01,2025,10,October,12,KMC Ward 12,22.585674,88.39313,204.7,18,89.2,High,ward_representative_point,SYNTHETIC_MVP_SPATIALIZED,Replace with official station/grid observations before ML validation
2025-11-01,2025,11,November,12,KMC Ward 12,22.585674,88.39313,19,2,7.6,Very Low,ward_representative_point,SYNTHETIC_MVP_SPATIALIZED,Replace with official station/grid observations before ML validation
2025-12-01,2025,12,December,12,KMC Ward 12,22.585674,88.39313,13.2,3,4.7,Very Low,ward_representative_point,SYNTHETIC_MVP_SPATIALIZED,Replace with official station/grid observations before ML validation
2026-01-01,2026,1,January,12,KMC Ward 12,22.585674,88.39313,9.6,1,3.4,Very Low,ward_representative_point,SYNTHETIC_MVP_SPATIALIZED,Replace with official station/grid observations before ML validation
2026-02-01,2026,2,February,12,KMC Ward 12,22.585674,88.39313,11.5,0,3.5,Very Low,ward_representative_point,SYNTHETIC_MVP_SPATIALIZED,Replace with official station/grid observations before ML validation
2026-03-01,2026,3,March,12,KMC Ward 12,22.585674,88.39313,38.2,2,17.1,Low,ward_representative_point,SYNTHETIC_MVP_SPATIALIZED,Replace with official station/grid observations before ML validation
2026-04-01,2026,4,April,12,KMC Ward 12,22.585674,88.39313,61.8,7,18.1,Moderate,ward_representative_point,SYNTHETIC_MVP_SPATIALIZED,Replace with official station/grid observations before ML validation
2026-05-01,2026,5,May,12,KMC Ward 12,22.585674,88.39313,162.1,16,57.7,High,ward_representative_point,SYNTHETIC_MVP_SPATIALIZED,Replace with official station/grid observations before ML validation
2026-06-01,2026,6,June,12,KMC Ward 12,22.585674,88.39313,261.2,20,60,High,ward_representative_point,SYNTHETIC_MVP_SPATIALIZED,Replace with official station/grid observations before ML validation
2026-07-01,2026,7,July,12,KMC Ward 12,22.585674,88.39313,370,31,138.2,Very High,ward_representative_point,SYNTHETIC_MVP_SPATIALIZED,Replace with official station/grid observations before ML validation
2026-08-01,2026,8,August,12,KMC Ward 12,22.585674,88.39313,335.3,25,86.4,Very High,ward_representative_point,SYNTHETIC_MVP_SPATIALIZED,Replace with official station/grid observations before ML validation
2025-09-01,2025,9,September,13,KMC Ward 13,22.599533,88.417928,230.5,18,94.5,High,ward_representative_point,SYNTHETIC_MVP_SPATIALIZED,Replace with official station/grid observations before ML validation
2025-10-01,2025,10,October,13,KMC Ward 13,22.599533,88.417928,162.5,13,68.8,High,ward_representative_point,SYNTHETIC_MVP_SPATIALIZED,Replace with official station/grid observations before ML validation
2025-11-01,2025,11,November,13,KMC Ward 13,22.599533,88.417928,40.5,2,14.5,Low,ward_representative_point,SYNTHETIC_MVP_SPATIALIZED,Replace with official station/grid observations before ML validation
2025-12-01,2025,12,December,13,KMC Ward 13,22.599533,88.417928,15.6,0,4.1,Very Low,ward_representative_point,SYNTHETIC_MVP_SPATIALIZED,Replace with official station/grid observations before ML validation
2026-01-01,2026,1,January,13,KMC Ward 13,22.599533,88.417928,9.3,2,3.2,Very Low,ward_representative_point,SYNTHETIC_MVP_SPATIALIZED,Replace with official station/grid observations before ML validation
2026-02-01,2026,2,February,13,KMC Ward 13,22.599533,88.417928,22.9,5,8.1,Low,ward_representative_point,SYNTHETIC_MVP_SPATIALIZED,Replace with official station/grid observations before ML validation
2026-03-01,2026,3,March,13,KMC Ward 13,22.599533,88.417928,47,4,16,Low,ward_representative_point,SYNTHETIC_MVP_SPATIALIZED,Replace with official station/grid observations before ML validation
2026-04-01,2026,4,April,13,KMC Ward 13,22.599533,88.417928,29.7,3,11.6,Low,ward_representative_point,SYNTHETIC_MVP_SPATIALIZED,Replace with official station/grid observations before ML validation
2026-05-01,2026,5,May,13,KMC Ward 13,22.599533,88.417928,184.6,16,69.6,High,ward_representative_point,SYNTHETIC_MVP_SPATIALIZED,Replace with official station/grid observations before ML validation
2026-06-01,2026,6,June,13,KMC Ward 13,22.599533,88.417928,255.6,22,69.6,High,ward_representative_point,SYNTHETIC_MVP_SPATIALIZED,Replace with official station/grid observations before ML validation
2026-07-01,2026,7,July,13,KMC Ward 13,22.599533,88.417928,335.9,26,149.5,Very High,ward_representative_point,SYNTHETIC_MVP_SPATIALIZED,Replace with official station/grid observations before ML validation
2026-08-01,2026,8,August,13,KMC Ward 13,22.599533,88.417928,315.5,26,67.9,Very High,ward_representative_point,SYNTHETIC_MVP_SPATIALIZED,Replace with official station/grid observations before ML validation
2025-09-01,2025,9,September,14,KMC Ward 14,22.608175,88.434245,340,26,152.9,Very High,ward_representative_point,SYNTHETIC_MVP_SPATIALIZED,Replace with official station/grid observations before ML validation
2025-10-01,2025,10,October,14,KMC Ward 14,22.608175,88.434245,105.9,9,42.2,Moderate,ward_representative_point,SYNTHETIC_MVP_SPATIALIZED,Replace with official station/grid observations before ML validation
2025-11-01,2025,11,November,14,KMC Ward 14,22.608175,88.434245,53.3,6,21,Moderate,ward_representative_point,SYNTHETIC_MVP_SPATIALIZED,Replace with official station/grid observations before ML validation
2025-12-01,2025,12,December,14,KMC Ward 14,22.608175,88.434245,12.4,2,3.7,Very Low,ward_representative_point,SYNTHETIC_MVP_SPATIALIZED,Replace with official station/grid observations before ML validation
2026-01-01,2026,1,January,14,KMC Ward 14,22.608175,88.434245,14.5,0,5.6,Very Low,ward_representative_point,SYNTHETIC_MVP_SPATIALIZED,Replace with official station/grid observations before ML validation
2026-02-01,2026,2,February,14,KMC Ward 14,22.608175,88.434245,28.5,1,12.8,Low,ward_representative_point,SYNTHETIC_MVP_SPATIALIZED,Replace with official station/grid observations before ML validation
2026-03-01,2026,3,March,14,KMC Ward 14,22.608175,88.434245,45.8,0,20.6,Low,ward_representative_point,SYNTHETIC_MVP_SPATIALIZED,Replace with official station/grid observations before ML validation
2026-04-01,2026,4,April,14,KMC Ward 14,22.608175,88.434245,77.8,7,18.3,Moderate,ward_representative_point,SYNTHETIC_MVP_SPATIALIZED,Replace with official station/grid observations before ML validation
2026-05-01,2026,5,May,14,KMC Ward 14,22.608175,88.434245,147.4,11,39.1,Moderate,ward_representative_point,SYNTHETIC_MVP_SPATIALIZED,Replace with official station/grid observations before ML validation
2026-06-01,2026,6,June,14,KMC Ward 14,22.608175,88.434245,380.4,31,145.3,Very High,ward_representative_point,SYNTHETIC_MVP_SPATIALIZED,Replace with official station/grid observations before ML validation
2026-07-01,2026,7,July,14,KMC Ward 14,22.608175,88.434245,381.7,31,81.2,Very High,ward_representative_point,SYNTHETIC_MVP_SPATIALIZED,Replace with official station/grid observations before ML validation
2026-08-01,2026,8,August,14,KMC Ward 14,22.608175,88.434245,409.3,31,149.3,Very High,ward_representative_point,SYNTHETIC_MVP_SPATIALIZED,Replace with official station/grid observations before ML validation
2025-09-01,2025,9,September,15,KMC Ward 15,22.620735,88.447228,290.9,26,91.1,High,ward_representative_point,SYNTHETIC_MVP_SPATIALIZED,Replace with official station/grid observations before ML validation
2025-10-01,2025,10,October,15,KMC Ward 15,22.620735,88.447228,143.6,13,30.7,Moderate,ward_representative_point,SYNTHETIC_MVP_SPATIALIZED,Replace with official station/grid observations before ML validation
2025-11-01,2025,11,November,15,KMC Ward 15,22.620735,88.447228,32.5,5,6.5,Low,ward_representative_point,SYNTHETIC_MVP_SPATIALIZED,Replace with official station/grid observations before ML validation
2025-12-01,2025,12,December,15,KMC Ward 15,22.620735,88.447228,11.5,2,4,Very Low,ward_representative_point,SYNTHETIC_MVP_SPATIALIZED,Replace with official station/grid observations before ML validation
2026-01-01,2026,1,January,15,KMC Ward 15,22.620735,88.447228,8.4,0,2.1,Very Low,ward_representative_point,SYNTHETIC_MVP_SPATIALIZED,Replace with official station/grid observations before ML validation
2026-02-01,2026,2,February,15,KMC Ward 15,22.620735,88.447228,21.9,1,7,Low,ward_representative_point,SYNTHETIC_MVP_SPATIALIZED,Replace with official station/grid observations before ML validation
2026-03-01,2026,3,March,15,KMC Ward 15,22.620735,88.447228,34,0,7.1,Low,ward_representative_point,SYNTHETIC_MVP_SPATIALIZED,Replace with official station/grid observations before ML validation
2026-04-01,2026,4,April,15,KMC Ward 15,22.620735,88.447228,45.4,5,14,Low,ward_representative_point,SYNTHETIC_MVP_SPATIALIZED,Replace with official station/grid observations before ML validation
2026-05-01,2026,5,May,15,KMC Ward 15,22.620735,88.447228,126.8,6,43.6,Moderate,ward_representative_point,SYNTHETIC_MVP_SPATIALIZED,Replace with official station/grid observations before ML validation
2026-06-01,2026,6,June,15,KMC Ward 15,22.620735,88.447228,274,19,78.2,High,ward_representative_point,SYNTHETIC_MVP_SPATIALIZED,Replace with official station/grid observations before ML validation
2026-07-01,2026,7,July,15,KMC Ward 15,22.620735,88.447228,349.5,29,124.8,Very High,ward_representative_point,SYNTHETIC_MVP_SPATIALIZED,Replace with official station/grid observations before ML validation
2026-08-01,2026,8,August,15,KMC Ward 15,22.620735,88.447228,248.9,19,96.3,High,ward_representative_point,SYNTHETIC_MVP_SPATIALIZED,Replace with official station/grid observations before ML validation
2025-09-01,2025,9,September,16,KMC Ward 16,22.589543,88.397738,270.8,22,60,High,ward_representative_point,SYNTHETIC_MVP_SPATIALIZED,Replace with official station/grid observations before ML validation
2025-10-01,2025,10,October,16,KMC Ward 16,22.589543,88.397738,122,11,43.2,Moderate,ward_representative_point,SYNTHETIC_MVP_SPATIALIZED,Replace with official station/grid observations before ML validation
2025-11-01,2025,11,November,16,KMC Ward 16,22.589543,88.397738,27.3,1,9.4,Low,ward_representative_point,SYNTHETIC_MVP_SPATIALIZED,Replace with official station/grid observations before ML validation
2025-12-01,2025,12,December,16,KMC Ward 16,22.589543,88.397738,12.5,1,4.9,Very Low,ward_representative_point,SYNTHETIC_MVP_SPATIALIZED,Replace with official station/grid observations before ML validation
2026-01-01,2026,1,January,16,KMC Ward 16,22.589543,88.397738,12.5,4,3.9,Very Low,ward_representative_point,SYNTHETIC_MVP_SPATIALIZED,Replace with official station/grid observations before ML validation
2026-02-01,2026,2,February,16,KMC Ward 16,22.589543,88.397738,25,6,9.9,Low,ward_representative_point,SYNTHETIC_MVP_SPATIALIZED,Replace with official station/grid observations before ML validation
2026-03-01,2026,3,March,16,KMC Ward 16,22.589543,88.397738,25.3,4,7.8,Low,ward_representative_point,SYNTHETIC_MVP_SPATIALIZED,Replace with official station/grid observations before ML validation
2026-04-01,2026,4,April,16,KMC Ward 16,22.589543,88.397738,89.4,12,30.1,Moderate,ward_representative_point,SYNTHETIC_MVP_SPATIALIZED,Replace with official station/grid observations before ML validation
2026-05-01,2026,5,May,16,KMC Ward 16,22.589543,88.397738,97.7,7,28.8,Moderate,ward_representative_point,SYNTHETIC_MVP_SPATIALIZED,Replace with official station/grid observations before ML validation
2026-06-01,2026,6,June,16,KMC Ward 16,22.589543,88.397738,358.7,27,143.1,Very High,ward_representative_point,SYNTHETIC_MVP_SPATIALIZED,Replace with official station/grid observations before ML validation
2026-07-01,2026,7,July,16,KMC Ward 16,22.589543,88.397738,211.4,19,76.7,High,ward_representative_point,SYNTHETIC_MVP_SPATIALIZED,Replace with official station/grid observations before ML validation
2026-08-01,2026,8,August,16,KMC Ward 16,22.589543,88.397738,323,27,141.7,Very High,ward_representative_point,SYNTHETIC_MVP_SPATIALIZED,Replace with official station/grid observations before ML validation
2025-09-01,2025,9,September,17,KMC Ward 17,22.609652,88.413261,344.3,24,150,Very High,ward_representative_point,SYNTHETIC_MVP_SPATIALIZED,Replace with official station/grid observations before ML validation
2025-10-01,2025,10,October,17,KMC Ward 17,22.609652,88.413261,112.9,10,32.6,Moderate,ward_representative_point,SYNTHETIC_MVP_SPATIALIZED,Replace with official station/grid observations before ML validation
2025-11-01,2025,11,November,17,KMC Ward 17,22.609652,88.413261,53.6,5,14,Moderate,ward_representative_point,SYNTHETIC_MVP_SPATIALIZED,Replace with official station/grid observations before ML validation
2025-12-01,2025,12,December,17,KMC Ward 17,22.609652,88.413261,10,1,3.1,Very Low,ward_representative_point,SYNTHETIC_MVP_SPATIALIZED,Replace with official station/grid observations before ML validation
2026-01-01,2026,1,January,17,KMC Ward 17,22.609652,88.413261,8.8,0,3.7,Very Low,ward_representative_point,SYNTHETIC_MVP_SPATIALIZED,Replace with official station/grid observations before ML validation
2026-02-01,2026,2,February,17,KMC Ward 17,22.609652,88.413261,25.8,4,7.5,Low,ward_representative_point,SYNTHETIC_MVP_SPATIALIZED,Replace with official station/grid observations before ML validation
2026-03-01,2026,3,March,17,KMC Ward 17,22.609652,88.413261,22,2,9.4,Low,ward_representative_point,SYNTHETIC_MVP_SPATIALIZED,Replace with official station/grid observations before ML validation
2026-04-01,2026,4,April,17,KMC Ward 17,22.609652,88.413261,86,10,18.8,Moderate,ward_representative_point,SYNTHETIC_MVP_SPATIALIZED,Replace with official station/grid observations before ML validation
2026-05-01,2026,5,May,17,KMC Ward 17,22.609652,88.413261,113.3,10,35.2,Moderate,ward_representative_point,SYNTHETIC_MVP_SPATIALIZED,Replace with official station/grid observations before ML validation
2026-06-01,2026,6,June,17,KMC Ward 17,22.609652,88.413261,369.6,28,95.7,Very High,ward_representative_point,SYNTHETIC_MVP_SPATIALIZED,Replace with official station/grid observations before ML validation
2026-07-01,2026,7,July,17,KMC Ward 17,22.609652,88.413261,388.9,31,147.6,Very High,ward_representative_point,SYNTHETIC_MVP_SPATIALIZED,Replace with official station/grid observations before ML validation
2026-08-01,2026,8,August,17,KMC Ward 17,22.609652,88.413261,407,29,122.7,Very High,ward_representative_point,SYNTHETIC_MVP_SPATIALIZED,Replace with official station/grid observations before ML validation
2025-09-01,2025,9,September,18,KMC Ward 18,22.619859,88.426647,274,19,102,High,ward_representative_point,SYNTHETIC_MVP_SPATIALIZED,Replace with official station/grid observations before ML validation
2025-10-01,2025,10,October,18,KMC Ward 18,22.619859,88.426647,166.8,13,42.2,High,ward_representative_point,SYNTHETIC_MVP_SPATIALIZED,Replace with official station/grid observations before ML validation
2025-11-01,2025,11,November,18,KMC Ward 18,22.619859,88.426647,23.8,1,10.4,Low,ward_representative_point,SYNTHETIC_MVP_SPATIALIZED,Replace with official station/grid observations before ML validation
2025-12-01,2025,12,December,18,KMC Ward 18,22.619859,88.426647,13.4,1,3.2,Very Low,ward_representative_point,SYNTHETIC_MVP_SPATIALIZED,Replace with official station/grid observations before ML validation
2026-01-01,2026,1,January,18,KMC Ward 18,22.619859,88.426647,9.9,3,3,Very Low,ward_representative_point,SYNTHETIC_MVP_SPATIALIZED,Replace with official station/grid observations before ML validation
2026-02-01,2026,2,February,18,KMC Ward 18,22.619859,88.426647,23.6,0,10.4,Low,ward_representative_point,SYNTHETIC_MVP_SPATIALIZED,Replace with official station/grid observations before ML validation
2026-03-01,2026,3,March,18,KMC Ward 18,22.619859,88.426647,54.2,6,21.1,Moderate,ward_representative_point,SYNTHETIC_MVP_SPATIALIZED,Replace with official station/grid observations before ML validation
2026-04-01,2026,4,April,18,KMC Ward 18,22.619859,88.426647,60.4,6,12.8,Moderate,ward_representative_point,SYNTHETIC_MVP_SPATIALIZED,Replace with official station/grid observations before ML validation
2026-05-01,2026,5,May,18,KMC Ward 18,22.619859,88.426647,108.7,5,35.7,Moderate,ward_representative_point,SYNTHETIC_MVP_SPATIALIZED,Replace with official station/grid observations before ML validation
2026-06-01,2026,6,June,18,KMC Ward 18,22.619859,88.426647,279.1,23,82,High,ward_representative_point,SYNTHETIC_MVP_SPATIALIZED,Replace with official station/grid observations before ML validation
2026-07-01,2026,7,July,18,KMC Ward 18,22.619859,88.426647,321.3,27,130,Very High,ward_representative_point,SYNTHETIC_MVP_SPATIALIZED,Replace with official station/grid observations before ML validation
2026-08-01,2026,8,August,18,KMC Ward 18,22.619859,88.426647,314.9,26,90.6,Very High,ward_representative_point,SYNTHETIC_MVP_SPATIALIZED,Replace with official station/grid observations before ML validation
2025-09-01,2025,9,September,19,KMC Ward 19,22.637508,88.43645,199,16,72.6,High,ward_representative_point,SYNTHETIC_MVP_SPATIALIZED,Replace with official station/grid observations before ML validation
2025-10-01,2025,10,October,19,KMC Ward 19,22.637508,88.43645,124.5,10,42.3,Moderate,ward_representative_point,SYNTHETIC_MVP_SPATIALIZED,Replace with official station/grid observations before ML validation
2025-11-01,2025,11,November,19,KMC Ward 19,22.637508,88.43645,15.2,1,6.1,Very Low,ward_representative_point,SYNTHETIC_MVP_SPATIALIZED,Replace with official station/grid observations before ML validation
2025-12-01,2025,12,December,19,KMC Ward 19,22.637508,88.43645,10.5,0,4.6,Very Low,ward_representative_point,SYNTHETIC_MVP_SPATIALIZED,Replace with official station/grid observations before ML validation
2026-01-01,2026,1,January,19,KMC Ward 19,22.637508,88.43645,8.9,2,3.9,Very Low,ward_representative_point,SYNTHETIC_MVP_SPATIALIZED,Replace with official station/grid observations before ML validation
2026-02-01,2026,2,February,19,KMC Ward 19,22.637508,88.43645,16,3,3.8,Very Low,ward_representative_point,SYNTHETIC_MVP_SPATIALIZED,Replace with official station/grid observations before ML validation
2026-03-01,2026,3,March,19,KMC Ward 19,22.637508,88.43645,24.9,2,6.6,Low,ward_representative_point,SYNTHETIC_MVP_SPATIALIZED,Replace with official station/grid observations before ML validation
2026-04-01,2026,4,April,19,KMC Ward 19,22.637508,88.43645,73.6,5,16.5,Moderate,ward_representative_point,SYNTHETIC_MVP_SPATIALIZED,Replace with official station/grid observations before ML validation
2026-05-01,2026,5,May,19,KMC Ward 19,22.637508,88.43645,130.3,6,49.2,Moderate,ward_representative_point,SYNTHETIC_MVP_SPATIALIZED,Replace with official station/grid observations before ML validation
2026-06-01,2026,6,June,19,KMC Ward 19,22.637508,88.43645,287.6,21,68.7,High,ward_representative_point,SYNTHETIC_MVP_SPATIALIZED,Replace with official station/grid observations before ML validation
2026-07-01,2026,7,July,19,KMC Ward 19,22.637508,88.43645,415,31,157.6,Very High,ward_representative_point,SYNTHETIC_MVP_SPATIALIZED,Replace with official station/grid observations before ML validation
2026-08-01,2026,8,August,19,KMC Ward 19,22.637508,88.43645,354.1,29,148.7,Very High,ward_representative_point,SYNTHETIC_MVP_SPATIALIZED,Replace with official station/grid observations before ML validation
2025-09-01,2025,9,September,20,KMC Ward 20,22.601648,88.394528,276.2,20,56,High,ward_representative_point,SYNTHETIC_MVP_SPATIALIZED,Replace with official station/grid observations before ML validation
2025-10-01,2025,10,October,20,KMC Ward 20,22.601648,88.394528,101.2,8,30.4,Moderate,ward_representative_point,SYNTHETIC_MVP_SPATIALIZED,Replace with official station/grid observations before ML validation
2025-11-01,2025,11,November,20,KMC Ward 20,22.601648,88.394528,22.6,0,7.6,Low,ward_representative_point,SYNTHETIC_MVP_SPATIALIZED,Replace with official station/grid observations before ML validation
2025-12-01,2025,12,December,20,KMC Ward 20,22.601648,88.394528,17.4,0,6.3,Very Low,ward_representative_point,SYNTHETIC_MVP_SPATIALIZED,Replace with official station/grid observations before ML validation
2026-01-01,2026,1,January,20,KMC Ward 20,22.601648,88.394528,8.3,0,3.1,Very Low,ward_representative_point,SYNTHETIC_MVP_SPATIALIZED,Replace with official station/grid observations before ML validation
2026-02-01,2026,2,February,20,KMC Ward 20,22.601648,88.394528,21.5,3,4.6,Low,ward_representative_point,SYNTHETIC_MVP_SPATIALIZED,Replace with official station/grid observations before ML validation
2026-03-01,2026,3,March,20,KMC Ward 20,22.601648,88.394528,39.6,0,15.9,Low,ward_representative_point,SYNTHETIC_MVP_SPATIALIZED,Replace with official station/grid observations before ML validation
2026-04-01,2026,4,April,20,KMC Ward 20,22.601648,88.394528,64.8,6,23.6,Moderate,ward_representative_point,SYNTHETIC_MVP_SPATIALIZED,Replace with official station/grid observations before ML validation
2026-05-01,2026,5,May,20,KMC Ward 20,22.601648,88.394528,137.4,13,47.1,Moderate,ward_representative_point,SYNTHETIC_MVP_SPATIALIZED,Replace with official station/grid observations before ML validation
2026-06-01,2026,6,June,20,KMC Ward 20,22.601648,88.394528,315,26,132.5,Very High,ward_representative_point,SYNTHETIC_MVP_SPATIALIZED,Replace with official station/grid observations before ML validation
2026-07-01,2026,7,July,20,KMC Ward 20,22.601648,88.394528,460.2,31,101,Very High,ward_representative_point,SYNTHETIC_MVP_SPATIALIZED,Replace with official station/grid observations before ML validation
2026-08-01,2026,8,August,20,KMC Ward 20,22.601648,88.394528,231.9,19,49.6,High,ward_representative_point,SYNTHETIC_MVP_SPATIALIZED,Replace with official station/grid observations before ML validation
2025-09-01,2025,9,September,21,KMC Ward 21,22.617217,88.402901,227.5,14,63.7,High,ward_representative_point,SYNTHETIC_MVP_SPATIALIZED,Replace with official station/grid observations before ML validation
2025-10-01,2025,10,October,21,KMC Ward 21,22.617217,88.402901,141.4,11,52.6,Moderate,ward_representative_point,SYNTHETIC_MVP_SPATIALIZED,Replace with official station/grid observations before ML validation
2025-11-01,2025,11,November,21,KMC Ward 21,22.617217,88.402901,28.1,4,11.5,Low,ward_representative_point,SYNTHETIC_MVP_SPATIALIZED,Replace with official station/grid observations before ML validation
2025-12-01,2025,12,December,21,KMC Ward 21,22.617217,88.402901,13.5,3,5.4,Very Low,ward_representative_point,SYNTHETIC_MVP_SPATIALIZED,Replace with official station/grid observations before ML validation
2026-01-01,2026,1,January,21,KMC Ward 21,22.617217,88.402901,10.4,0,3,Very Low,ward_representative_point,SYNTHETIC_MVP_SPATIALIZED,Replace with official station/grid observations before ML validation
2026-02-01,2026,2,February,21,KMC Ward 21,22.617217,88.402901,21.8,4,7.6,Low,ward_representative_point,SYNTHETIC_MVP_SPATIALIZED,Replace with official station/grid observations before ML validation
2026-03-01,2026,3,March,21,KMC Ward 21,22.617217,88.402901,31.7,1,7.8,Low,ward_representative_point,SYNTHETIC_MVP_SPATIALIZED,Replace with official station/grid observations before ML validation
2026-04-01,2026,4,April,21,KMC Ward 21,22.617217,88.402901,66.9,8,15.2,Moderate,ward_representative_point,SYNTHETIC_MVP_SPATIALIZED,Replace with official station/grid observations before ML validation
2026-05-01,2026,5,May,21,KMC Ward 21,22.617217,88.402901,92.3,8,23.1,Moderate,ward_representative_point,SYNTHETIC_MVP_SPATIALIZED,Replace with official station/grid observations before ML validation
2026-06-01,2026,6,June,21,KMC Ward 21,22.617217,88.402901,230.2,18,71,High,ward_representative_point,SYNTHETIC_MVP_SPATIALIZED,Replace with official station/grid observations before ML validation
2026-07-01,2026,7,July,21,KMC Ward 21,22.617217,88.402901,349.2,28,75,Very High,ward_representative_point,SYNTHETIC_MVP_SPATIALIZED,Replace with official station/grid observations before ML validation
2026-08-01,2026,8,August,21,KMC Ward 21,22.617217,88.402901,328.3,25,90,Very High,ward_representative_point,SYNTHETIC_MVP_SPATIALIZED,Replace with official station/grid observations before ML validation
2025-09-01,2025,9,September,22,KMC Ward 22,22.631624,88.420345,267.5,24,78.2,High,ward_representative_point,SYNTHETIC_MVP_SPATIALIZED,Replace with official station/grid observations before ML validation
2025-10-01,2025,10,October,22,KMC Ward 22,22.631624,88.420345,155.9,14,38,High,ward_representative_point,SYNTHETIC_MVP_SPATIALIZED,Replace with official station/grid observations before ML validation
2025-11-01,2025,11,November,22,KMC Ward 22,22.631624,88.420345,40.4,1,8.9,Low,ward_representative_point,SYNTHETIC_MVP_SPATIALIZED,Replace with official station/grid observations before ML validation
2025-12-01,2025,12,December,22,KMC Ward 22,22.631624,88.420345,13.6,2,4.5,Very Low,ward_representative_point,SYNTHETIC_MVP_SPATIALIZED,Replace with official station/grid observations before ML validation
2026-01-01,2026,1,January,22,KMC Ward 22,22.631624,88.420345,10.7,4,4.5,Very Low,ward_representative_point,SYNTHETIC_MVP_SPATIALIZED,Replace with official station/grid observations before ML validation
2026-02-01,2026,2,February,22,KMC Ward 22,22.631624,88.420345,21.5,2,6.2,Low,ward_representative_point,SYNTHETIC_MVP_SPATIALIZED,Replace with official station/grid observations before ML validation
2026-03-01,2026,3,March,22,KMC Ward 22,22.631624,88.420345,35,4,8.8,Low,ward_representative_point,SYNTHETIC_MVP_SPATIALIZED,Replace with official station/grid observations before ML validation
2026-04-01,2026,4,April,22,KMC Ward 22,22.631624,88.420345,66.8,5,21.6,Moderate,ward_representative_point,SYNTHETIC_MVP_SPATIALIZED,Replace with official station/grid observations before ML validation
2026-05-01,2026,5,May,22,KMC Ward 22,22.631624,88.420345,150.3,9,43,High,ward_representative_point,SYNTHETIC_MVP_SPATIALIZED,Replace with official station/grid observations before ML validation
2026-06-01,2026,6,June,22,KMC Ward 22,22.631624,88.420345,287.4,23,93.6,High,ward_representative_point,SYNTHETIC_MVP_SPATIALIZED,Replace with official station/grid observations before ML validation
2026-07-01,2026,7,July,22,KMC Ward 22,22.631624,88.420345,429.2,31,91.8,Very High,ward_representative_point,SYNTHETIC_MVP_SPATIALIZED,Replace with official station/grid observations before ML validation
2026-08-01,2026,8,August,22,KMC Ward 22,22.631624,88.420345,310.6,24,80.3,Very High,ward_representative_point,SYNTHETIC_MVP_SPATIALIZED,Replace with official station/grid observations before ML validation
2025-09-01,2025,9,September,23,KMC Ward 23,22.591559,88.379298,210,16,76.8,High,ward_representative_point,SYNTHETIC_MVP_SPATIALIZED,Replace with official station/grid observations before ML validation
2025-10-01,2025,10,October,23,KMC Ward 23,22.591559,88.379298,117.9,11,51.6,Moderate,ward_representative_point,SYNTHETIC_MVP_SPATIALIZED,Replace with official station/grid observations before ML validation
2025-11-01,2025,11,November,23,KMC Ward 23,22.591559,88.379298,29.1,1,13,Low,ward_representative_point,SYNTHETIC_MVP_SPATIALIZED,Replace with official station/grid observations before ML validation
2025-12-01,2025,12,December,23,KMC Ward 23,22.591559,88.379298,13.5,4,5,Very Low,ward_representative_point,SYNTHETIC_MVP_SPATIALIZED,Replace with official station/grid observations before ML validation
2026-01-01,2026,1,January,23,KMC Ward 23,22.591559,88.379298,11.8,0,3.1,Very Low,ward_representative_point,SYNTHETIC_MVP_SPATIALIZED,Replace with official station/grid observations before ML validation
2026-02-01,2026,2,February,23,KMC Ward 23,22.591559,88.379298,21.9,2,5.1,Low,ward_representative_point,SYNTHETIC_MVP_SPATIALIZED,Replace with official station/grid observations before ML validation
2026-03-01,2026,3,March,23,KMC Ward 23,22.591559,88.379298,28.5,5,9,Low,ward_representative_point,SYNTHETIC_MVP_SPATIALIZED,Replace with official station/grid observations before ML validation
2026-04-01,2026,4,April,23,KMC Ward 23,22.591559,88.379298,67.4,7,25.6,Moderate,ward_representative_point,SYNTHETIC_MVP_SPATIALIZED,Replace with official station/grid observations before ML validation
2026-05-01,2026,5,May,23,KMC Ward 23,22.591559,88.379298,161.6,10,60.6,High,ward_representative_point,SYNTHETIC_MVP_SPATIALIZED,Replace with official station/grid observations before ML validation
2026-06-01,2026,6,June,23,KMC Ward 23,22.591559,88.379298,159.6,14,35.1,High,ward_representative_point,SYNTHETIC_MVP_SPATIALIZED,Replace with official station/grid observations before ML validation
2026-07-01,2026,7,July,23,KMC Ward 23,22.591559,88.379298,329.7,29,68,Very High,ward_representative_point,SYNTHETIC_MVP_SPATIALIZED,Replace with official station/grid observations before ML validation
2026-08-01,2026,8,August,23,KMC Ward 23,22.591559,88.379298,400.8,31,98.1,Very High,ward_representative_point,SYNTHETIC_MVP_SPATIALIZED,Replace with official station/grid observations before ML validation
2025-09-01,2025,9,September,24,KMC Ward 24,22.613765,88.385633,232.2,21,100.9,High,ward_representative_point,SYNTHETIC_MVP_SPATIALIZED,Replace with official station/grid observations before ML validation
2025-10-01,2025,10,October,24,KMC Ward 24,22.613765,88.385633,168.9,12,37.9,High,ward_representative_point,SYNTHETIC_MVP_SPATIALIZED,Replace with official station/grid observations before ML validation
2025-11-01,2025,11,November,24,KMC Ward 24,22.613765,88.385633,24.7,1,8.8,Low,ward_representative_point,SYNTHETIC_MVP_SPATIALIZED,Replace with official station/grid observations before ML validation
2025-12-01,2025,12,December,24,KMC Ward 24,22.613765,88.385633,8.6,0,3.1,Very Low,ward_representative_point,SYNTHETIC_MVP_SPATIALIZED,Replace with official station/grid observations before ML validation
2026-01-01,2026,1,January,24,KMC Ward 24,22.613765,88.385633,11.3,0,3.8,Very Low,ward_representative_point,SYNTHETIC_MVP_SPATIALIZED,Replace with official station/grid observations before ML validation
2026-02-01,2026,2,February,24,KMC Ward 24,22.613765,88.385633,14,0,3.3,Very Low,ward_representative_point,SYNTHETIC_MVP_SPATIALIZED,Replace with official station/grid observations before ML validation
2026-03-01,2026,3,March,24,KMC Ward 24,22.613765,88.385633,28.7,1,9.5,Low,ward_representative_point,SYNTHETIC_MVP_SPATIALIZED,Replace with official station/grid observations before ML validation
2026-04-01,2026,4,April,24,KMC Ward 24,22.613765,88.385633,49.1,4,17.8,Low,ward_representative_point,SYNTHETIC_MVP_SPATIALIZED,Replace with official station/grid observations before ML validation
2026-05-01,2026,5,May,24,KMC Ward 24,22.613765,88.385633,130.2,12,38.4,Moderate,ward_representative_point,SYNTHETIC_MVP_SPATIALIZED,Replace with official station/grid observations before ML validation
2026-06-01,2026,6,June,24,KMC Ward 24,22.613765,88.385633,242,22,56.9,High,ward_representative_point,SYNTHETIC_MVP_SPATIALIZED,Replace with official station/grid observations before ML validation
2026-07-01,2026,7,July,24,KMC Ward 24,22.613765,88.385633,279.3,23,76.8,High,ward_representative_point,SYNTHETIC_MVP_SPATIALIZED,Replace with official station/grid observations before ML validation
2026-08-01,2026,8,August,24,KMC Ward 24,22.613765,88.385633,142.9,11,43.5,Moderate,ward_representative_point,SYNTHETIC_MVP_SPATIALIZED,Replace with official station/grid observations before ML validation
2025-09-01,2025,9,September,25,KMC Ward 25,22.633177,88.406691,162.6,13,41.6,High,ward_representative_point,SYNTHETIC_MVP_SPATIALIZED,Replace with official station/grid observations before ML validation
2025-10-01,2025,10,October,25,KMC Ward 25,22.633177,88.406691,109,9,42.1,Moderate,ward_representative_point,SYNTHETIC_MVP_SPATIALIZED,Replace with official station/grid observations before ML validation
2025-11-01,2025,11,November,25,KMC Ward 25,22.633177,88.406691,36.5,2,16,Low,ward_representative_point,SYNTHETIC_MVP_SPATIALIZED,Replace with official station/grid observations before ML validation
2025-12-01,2025,12,December,25,KMC Ward 25,22.633177,88.406691,13.9,2,3,Very Low,ward_representative_point,SYNTHETIC_MVP_SPATIALIZED,Replace with official station/grid observations before ML validation
2026-01-01,2026,1,January,25,KMC Ward 25,22.633177,88.406691,10,1,2.2,Very Low,ward_representative_point,SYNTHETIC_MVP_SPATIALIZED,Replace with official station/grid observations before ML validation
2026-02-01,2026,2,February,25,KMC Ward 25,22.633177,88.406691,20.5,1,5.7,Low,ward_representative_point,SYNTHETIC_MVP_SPATIALIZED,Replace with official station/grid observations before ML validation
2026-03-01,2026,3,March,25,KMC Ward 25,22.633177,88.406691,31.8,0,12.4,Low,ward_representative_point,SYNTHETIC_MVP_SPATIALIZED,Replace with official station/grid observations before ML validation
2026-04-01,2026,4,April,25,KMC Ward 25,22.633177,88.406691,66.8,6,22.7,Moderate,ward_representative_point,SYNTHETIC_MVP_SPATIALIZED,Replace with official station/grid observations before ML validation
2026-05-01,2026,5,May,25,KMC Ward 25,22.633177,88.406691,110.6,9,43,Moderate,ward_representative_point,SYNTHETIC_MVP_SPATIALIZED,Replace with official station/grid observations before ML validation
2026-06-01,2026,6,June,25,KMC Ward 25,22.633177,88.406691,374,28,163.2,Very High,ward_representative_point,SYNTHETIC_MVP_SPATIALIZED,Replace with official station/grid observations before ML validation
2026-07-01,2026,7,July,25,KMC Ward 25,22.633177,88.406691,289.9,24,86.4,High,ward_representative_point,SYNTHETIC_MVP_SPATIALIZED,Replace with official station/grid observations before ML validation
2026-08-01,2026,8,August,25,KMC Ward 25,22.633177,88.406691,327,27,81,Very High,ward_representative_point,SYNTHETIC_MVP_SPATIALIZED,Replace with official station/grid observations before ML validation
2025-09-01,2025,9,September,26,KMC Ward 26,22.649382,88.407029,415.1,31,167.5,Very High,ward_representative_point,SYNTHETIC_MVP_SPATIALIZED,Replace with official station/grid observations before ML validation
2025-10-01,2025,10,October,26,KMC Ward 26,22.649382,88.407029,160.3,17,68.7,High,ward_representative_point,SYNTHETIC_MVP_SPATIALIZED,Replace with official station/grid observations before ML validation
2025-11-01,2025,11,November,26,KMC Ward 26,22.649382,88.407029,42.1,1,9.6,Low,ward_representative_point,SYNTHETIC_MVP_SPATIALIZED,Replace with official station/grid observations before ML validation
2025-12-01,2025,12,December,26,KMC Ward 26,22.649382,88.407029,19.1,5,6.5,Very Low,ward_representative_point,SYNTHETIC_MVP_SPATIALIZED,Replace with official station/grid observations before ML validation
2026-01-01,2026,1,January,26,KMC Ward 26,22.649382,88.407029,8.9,0,3.2,Very Low,ward_representative_point,SYNTHETIC_MVP_SPATIALIZED,Replace with official station/grid observations before ML validation
2026-02-01,2026,2,February,26,KMC Ward 26,22.649382,88.407029,22.3,3,7.3,Low,ward_representative_point,SYNTHETIC_MVP_SPATIALIZED,Replace with official station/grid observations before ML validation
2026-03-01,2026,3,March,26,KMC Ward 26,22.649382,88.407029,48,5,16.1,Low,ward_representative_point,SYNTHETIC_MVP_SPATIALIZED,Replace with official station/grid observations before ML validation
2026-04-01,2026,4,April,26,KMC Ward 26,22.649382,88.407029,87.5,5,23.5,Moderate,ward_representative_point,SYNTHETIC_MVP_SPATIALIZED,Replace with official station/grid observations before ML validation
2026-05-01,2026,5,May,26,KMC Ward 26,22.649382,88.407029,121.3,9,35,Moderate,ward_representative_point,SYNTHETIC_MVP_SPATIALIZED,Replace with official station/grid observations before ML validation
2026-06-01,2026,6,June,26,KMC Ward 26,22.649382,88.407029,379.2,31,152.6,Very High,ward_representative_point,SYNTHETIC_MVP_SPATIALIZED,Replace with official station/grid observations before ML validation
2026-07-01,2026,7,July,26,KMC Ward 26,22.649382,88.407029,422.7,31,92.3,Very High,ward_representative_point,SYNTHETIC_MVP_SPATIALIZED,Replace with official station/grid observations before ML validation
2026-08-01,2026,8,August,26,KMC Ward 26,22.649382,88.407029,328.7,28,141.1,Very High,ward_representative_point,SYNTHETIC_MVP_SPATIALIZED,Replace with official station/grid observations before ML validation
2025-09-01,2025,9,September,27,KMC Ward 27,22.592991,88.378138,175.2,15,37,High,ward_representative_point,SYNTHETIC_MVP_SPATIALIZED,Replace with official station/grid observations before ML validation
2025-10-01,2025,10,October,27,KMC Ward 27,22.592991,88.378138,147.4,13,53.1,Moderate,ward_representative_point,SYNTHETIC_MVP_SPATIALIZED,Replace with official station/grid observations before ML validation
2025-11-01,2025,11,November,27,KMC Ward 27,22.592991,88.378138,32.8,3,13,Low,ward_representative_point,SYNTHETIC_MVP_SPATIALIZED,Replace with official station/grid observations before ML validation
2025-12-01,2025,12,December,27,KMC Ward 27,22.592991,88.378138,14.2,0,3.8,Very Low,ward_representative_point,SYNTHETIC_MVP_SPATIALIZED,Replace with official station/grid observations before ML validation
2026-01-01,2026,1,January,27,KMC Ward 27,22.592991,88.378138,7.1,3,2,Very Low,ward_representative_point,SYNTHETIC_MVP_SPATIALIZED,Replace with official station/grid observations before ML validation
2026-02-01,2026,2,February,27,KMC Ward 27,22.592991,88.378138,19.3,1,4.9,Very Low,ward_representative_point,SYNTHETIC_MVP_SPATIALIZED,Replace with official station/grid observations before ML validation
2026-03-01,2026,3,March,27,KMC Ward 27,22.592991,88.378138,37.3,4,9.6,Low,ward_representative_point,SYNTHETIC_MVP_SPATIALIZED,Replace with official station/grid observations before ML validation
2026-04-01,2026,4,April,27,KMC Ward 27,22.592991,88.378138,66.2,6,29.1,Moderate,ward_representative_point,SYNTHETIC_MVP_SPATIALIZED,Replace with official station/grid observations before ML validation
2026-05-01,2026,5,May,27,KMC Ward 27,22.592991,88.378138,82.7,8,35.6,Moderate,ward_representative_point,SYNTHETIC_MVP_SPATIALIZED,Replace with official station/grid observations before ML validation
2026-06-01,2026,6,June,27,KMC Ward 27,22.592991,88.378138,293.1,23,128.6,High,ward_representative_point,SYNTHETIC_MVP_SPATIALIZED,Replace with official station/grid observations before ML validation
2026-07-01,2026,7,July,27,KMC Ward 27,22.592991,88.378138,565.4,31,244.6,Very High,ward_representative_point,SYNTHETIC_MVP_SPATIALIZED,Replace with official station/grid observations before ML validation
2026-08-01,2026,8,August,27,KMC Ward 27,22.592991,88.378138,241.6,19,108.4,High,ward_representative_point,SYNTHETIC_MVP_SPATIALIZED,Replace with official station/grid observations before ML validation
2025-09-01,2025,9,September,28,KMC Ward 28,22.612565,88.382124,275.4,21,113.3,High,ward_representative_point,SYNTHETIC_MVP_SPATIALIZED,Replace with official station/grid observations before ML validation
2025-10-01,2025,10,October,28,KMC Ward 28,22.612565,88.382124,152.5,13,57.9,High,ward_representative_point,SYNTHETIC_MVP_SPATIALIZED,Replace with official station/grid observations before ML validation
2025-11-01,2025,11,November,28,KMC Ward 28,22.612565,88.382124,34.7,5,14.9,Low,ward_representative_point,SYNTHETIC_MVP_SPATIALIZED,Replace with official station/grid observations before ML validation
2025-12-01,2025,12,December,28,KMC Ward 28,22.612565,88.382124,11.7,0,5.1,Very Low,ward_representative_point,SYNTHETIC_MVP_SPATIALIZED,Replace with official station/grid observations before ML validation
2026-01-01,2026,1,January,28,KMC Ward 28,22.612565,88.382124,9.1,0,4,Very Low,ward_representative_point,SYNTHETIC_MVP_SPATIALIZED,Replace with official station/grid observations before ML validation
2026-02-01,2026,2,February,28,KMC Ward 28,22.612565,88.382124,25.6,3,11,Low,ward_representative_point,SYNTHETIC_MVP_SPATIALIZED,Replace with official station/grid observations before ML validation
2026-03-01,2026,3,March,28,KMC Ward 28,22.612565,88.382124,32.7,1,11.8,Low,ward_representative_point,SYNTHETIC_MVP_SPATIALIZED,Replace with official station/grid observations before ML validation
2026-04-01,2026,4,April,28,KMC Ward 28,22.612565,88.382124,31.5,2,10.3,Low,ward_representative_point,SYNTHETIC_MVP_SPATIALIZED,Replace with official station/grid observations before ML validation
2026-05-01,2026,5,May,28,KMC Ward 28,22.612565,88.382124,141.9,11,37.5,Moderate,ward_representative_point,SYNTHETIC_MVP_SPATIALIZED,Replace with official station/grid observations before ML validation
2026-06-01,2026,6,June,28,KMC Ward 28,22.612565,88.382124,347.1,31,102.3,Very High,ward_representative_point,SYNTHETIC_MVP_SPATIALIZED,Replace with official station/grid observations before ML validation
2026-07-01,2026,7,July,28,KMC Ward 28,22.612565,88.382124,487.6,31,160.9,Very High,ward_representative_point,SYNTHETIC_MVP_SPATIALIZED,Replace with official station/grid observations before ML validation
2026-08-01,2026,8,August,28,KMC Ward 28,22.612565,88.382124,379.4,31,98.3,Very High,ward_representative_point,SYNTHETIC_MVP_SPATIALIZED,Replace with official station/grid observations before ML validation
2025-09-01,2025,9,September,29,KMC Ward 29,22.632485,88.388144,238.3,20,71.8,High,ward_representative_point,SYNTHETIC_MVP_SPATIALIZED,Replace with official station/grid observations before ML validation
2025-10-01,2025,10,October,29,KMC Ward 29,22.632485,88.388144,113.2,9,44.8,Moderate,ward_representative_point,SYNTHETIC_MVP_SPATIALIZED,Replace with official station/grid observations before ML validation
2025-11-01,2025,11,November,29,KMC Ward 29,22.632485,88.388144,42.1,3,16.7,Low,ward_representative_point,SYNTHETIC_MVP_SPATIALIZED,Replace with official station/grid observations before ML validation
2025-12-01,2025,12,December,29,KMC Ward 29,22.632485,88.388144,11.1,3,3.8,Very Low,ward_representative_point,SYNTHETIC_MVP_SPATIALIZED,Replace with official station/grid observations before ML validation
2026-01-01,2026,1,January,29,KMC Ward 29,22.632485,88.388144,9.8,0,3.5,Very Low,ward_representative_point,SYNTHETIC_MVP_SPATIALIZED,Replace with official station/grid observations before ML validation
2026-02-01,2026,2,February,29,KMC Ward 29,22.632485,88.388144,13.5,0,3.1,Very Low,ward_representative_point,SYNTHETIC_MVP_SPATIALIZED,Replace with official station/grid observations before ML validation
2026-03-01,2026,3,March,29,KMC Ward 29,22.632485,88.388144,28.6,1,12.6,Low,ward_representative_point,SYNTHETIC_MVP_SPATIALIZED,Replace with official station/grid observations before ML validation
2026-04-01,2026,4,April,29,KMC Ward 29,22.632485,88.388144,58.1,3,20.7,Moderate,ward_representative_point,SYNTHETIC_MVP_SPATIALIZED,Replace with official station/grid observations before ML validation
2026-05-01,2026,5,May,29,KMC Ward 29,22.632485,88.388144,79.2,5,28.6,Moderate,ward_representative_point,SYNTHETIC_MVP_SPATIALIZED,Replace with official station/grid observations before ML validation
2026-06-01,2026,6,June,29,KMC Ward 29,22.632485,88.388144,122.6,11,25.2,Moderate,ward_representative_point,SYNTHETIC_MVP_SPATIALIZED,Replace with official station/grid observations before ML validation
2026-07-01,2026,7,July,29,KMC Ward 29,22.632485,88.388144,371.1,30,158.9,Very High,ward_representative_point,SYNTHETIC_MVP_SPATIALIZED,Replace with official station/grid observations before ML validation
2026-08-01,2026,8,August,29,KMC Ward 29,22.632485,88.388144,219.4,17,92.2,High,ward_representative_point,SYNTHETIC_MVP_SPATIALIZED,Replace with official station/grid observations before ML validation
2025-09-01,2025,9,September,30,KMC Ward 30,22.657124,88.388757,248.5,23,90.2,High,ward_representative_point,SYNTHETIC_MVP_SPATIALIZED,Replace with official station/grid observations before ML validation
2025-10-01,2025,10,October,30,KMC Ward 30,22.657124,88.388757,162.9,14,68.6,High,ward_representative_point,SYNTHETIC_MVP_SPATIALIZED,Replace with official station/grid observations before ML validation
2025-11-01,2025,11,November,30,KMC Ward 30,22.657124,88.388757,37.8,0,14.1,Low,ward_representative_point,SYNTHETIC_MVP_SPATIALIZED,Replace with official station/grid observations before ML validation
2025-12-01,2025,12,December,30,KMC Ward 30,22.657124,88.388757,14.6,0,5.4,Very Low,ward_representative_point,SYNTHETIC_MVP_SPATIALIZED,Replace with official station/grid observations before ML validation
2026-01-01,2026,1,January,30,KMC Ward 30,22.657124,88.388757,10.9,0,2.4,Very Low,ward_representative_point,SYNTHETIC_MVP_SPATIALIZED,Replace with official station/grid observations before ML validation
2026-02-01,2026,2,February,30,KMC Ward 30,22.657124,88.388757,17.3,0,4.7,Very Low,ward_representative_point,SYNTHETIC_MVP_SPATIALIZED,Replace with official station/grid observations before ML validation
2026-03-01,2026,3,March,30,KMC Ward 30,22.657124,88.388757,31.9,1,9,Low,ward_representative_point,SYNTHETIC_MVP_SPATIALIZED,Replace with official station/grid observations before ML validation
2026-04-01,2026,4,April,30,KMC Ward 30,22.657124,88.388757,39.4,6,8.4,Low,ward_representative_point,SYNTHETIC_MVP_SPATIALIZED,Replace with official station/grid observations before ML validation
2026-05-01,2026,5,May,30,KMC Ward 30,22.657124,88.388757,146.4,12,36.2,Moderate,ward_representative_point,SYNTHETIC_MVP_SPATIALIZED,Replace with official station/grid observations before ML validation
2026-06-01,2026,6,June,30,KMC Ward 30,22.657124,88.388757,422.6,31,175.6,Very High,ward_representative_point,SYNTHETIC_MVP_SPATIALIZED,Replace with official station/grid observations before ML validation
2026-07-01,2026,7,July,30,KMC Ward 30,22.657124,88.388757,380.5,30,120.9,Very High,ward_representative_point,SYNTHETIC_MVP_SPATIALIZED,Replace with official station/grid observations before ML validation
2026-08-01,2026,8,August,30,KMC Ward 30,22.657124,88.388757,282.4,22,124.6,High,ward_representative_point,SYNTHETIC_MVP_SPATIALIZED,Replace with official station/grid observations before ML validation
2025-09-01,2025,9,September,31,KMC Ward 31,22.597055,88.368403,209.1,19,88.6,High,ward_representative_point,SYNTHETIC_MVP_SPATIALIZED,Replace with official station/grid observations before ML validation
2025-10-01,2025,10,October,31,KMC Ward 31,22.597055,88.368403,158.3,13,57.7,High,ward_representative_point,SYNTHETIC_MVP_SPATIALIZED,Replace with official station/grid observations before ML validation
2025-11-01,2025,11,November,31,KMC Ward 31,22.597055,88.368403,35.2,3,11.3,Low,ward_representative_point,SYNTHETIC_MVP_SPATIALIZED,Replace with official station/grid observations before ML validation
2025-12-01,2025,12,December,31,KMC Ward 31,22.597055,88.368403,9.1,0,2.2,Very Low,ward_representative_point,SYNTHETIC_MVP_SPATIALIZED,Replace with official station/grid observations before ML validation
2026-01-01,2026,1,January,31,KMC Ward 31,22.597055,88.368403,7.7,0,1.7,Very Low,ward_representative_point,SYNTHETIC_MVP_SPATIALIZED,Replace with official station/grid observations before ML validation
2026-02-01,2026,2,February,31,KMC Ward 31,22.597055,88.368403,20.2,1,7.3,Low,ward_representative_point,SYNTHETIC_MVP_SPATIALIZED,Replace with official station/grid observations before ML validation
2026-03-01,2026,3,March,31,KMC Ward 31,22.597055,88.368403,25.4,1,11,Low,ward_representative_point,SYNTHETIC_MVP_SPATIALIZED,Replace with official station/grid observations before ML validation
2026-04-01,2026,4,April,31,KMC Ward 31,22.597055,88.368403,76.4,3,28.6,Moderate,ward_representative_point,SYNTHETIC_MVP_SPATIALIZED,Replace with official station/grid observations before ML validation
2026-05-01,2026,5,May,31,KMC Ward 31,22.597055,88.368403,113.3,7,24.2,Moderate,ward_representative_point,SYNTHETIC_MVP_SPATIALIZED,Replace with official station/grid observations before ML validation
2026-06-01,2026,6,June,31,KMC Ward 31,22.597055,88.368403,343.1,22,140.5,Very High,ward_representative_point,SYNTHETIC_MVP_SPATIALIZED,Replace with official station/grid observations before ML validation
2026-07-01,2026,7,July,31,KMC Ward 31,22.597055,88.368403,328.9,26,111.5,Very High,ward_representative_point,SYNTHETIC_MVP_SPATIALIZED,Replace with official station/grid observations before ML validation
2026-08-01,2026,8,August,31,KMC Ward 31,22.597055,88.368403,383,31,114.1,Very High,ward_representative_point,SYNTHETIC_MVP_SPATIALIZED,Replace with official station/grid observations before ML validation
2025-09-01,2025,9,September,32,KMC Ward 32,22.616837,88.369998,370.3,30,85.4,Very High,ward_representative_point,SYNTHETIC_MVP_SPATIALIZED,Replace with official station/grid observations before ML validation
2025-10-01,2025,10,October,32,KMC Ward 32,22.616837,88.369998,171.2,16,59.5,High,ward_representative_point,SYNTHETIC_MVP_SPATIALIZED,Replace with official station/grid observations before ML validation
2025-11-01,2025,11,November,32,KMC Ward 32,22.616837,88.369998,34.7,7,8.3,Low,ward_representative_point,SYNTHETIC_MVP_SPATIALIZED,Replace with official station/grid observations before ML validation
2025-12-01,2025,12,December,32,KMC Ward 32,22.616837,88.369998,10.1,0,4.5,Very Low,ward_representative_point,SYNTHETIC_MVP_SPATIALIZED,Replace with official station/grid observations before ML validation
2026-01-01,2026,1,January,32,KMC Ward 32,22.616837,88.369998,13,0,2.8,Very Low,ward_representative_point,SYNTHETIC_MVP_SPATIALIZED,Replace with official station/grid observations before ML validation
2026-02-01,2026,2,February,32,KMC Ward 32,22.616837,88.369998,19.2,2,7.9,Very Low,ward_representative_point,SYNTHETIC_MVP_SPATIALIZED,Replace with official station/grid observations before ML validation
2026-03-01,2026,3,March,32,KMC Ward 32,22.616837,88.369998,36.1,5,9.4,Low,ward_representative_point,SYNTHETIC_MVP_SPATIALIZED,Replace with official station/grid observations before ML validation
2026-04-01,2026,4,April,32,KMC Ward 32,22.616837,88.369998,58,3,19.8,Moderate,ward_representative_point,SYNTHETIC_MVP_SPATIALIZED,Replace with official station/grid observations before ML validation
2026-05-01,2026,5,May,32,KMC Ward 32,22.616837,88.369998,107.5,10,34.7,Moderate,ward_representative_point,SYNTHETIC_MVP_SPATIALIZED,Replace with official station/grid observations before ML validation
2026-06-01,2026,6,June,32,KMC Ward 32,22.616837,88.369998,167.5,13,34.5,High,ward_representative_point,SYNTHETIC_MVP_SPATIALIZED,Replace with official station/grid observations before ML validation
2026-07-01,2026,7,July,32,KMC Ward 32,22.616837,88.369998,455.2,31,135.1,Very High,ward_representative_point,SYNTHETIC_MVP_SPATIALIZED,Replace with official station/grid observations before ML validation
2026-08-01,2026,8,August,32,KMC Ward 32,22.616837,88.369998,158.7,14,40.8,High,ward_representative_point,SYNTHETIC_MVP_SPATIALIZED,Replace with official station/grid observations before ML validation
2025-09-01,2025,9,September,33,KMC Ward 33,22.636973,88.379036,314,28,126.6,Very High,ward_representative_point,SYNTHETIC_MVP_SPATIALIZED,Replace with official station/grid observations before ML validation
2025-10-01,2025,10,October,33,KMC Ward 33,22.636973,88.379036,128.6,12,30.5,Moderate,ward_representative_point,SYNTHETIC_MVP_SPATIALIZED,Replace with official station/grid observations before ML validation
2025-11-01,2025,11,November,33,KMC Ward 33,22.636973,88.379036,30.9,0,6.8,Low,ward_representative_point,SYNTHETIC_MVP_SPATIALIZED,Replace with official station/grid observations before ML validation
2025-12-01,2025,12,December,33,KMC Ward 33,22.636973,88.379036,12.6,0,4,Very Low,ward_representative_point,SYNTHETIC_MVP_SPATIALIZED,Replace with official station/grid observations before ML validation
2026-01-01,2026,1,January,33,KMC Ward 33,22.636973,88.379036,12.6,0,3.4,Very Low,ward_representative_point,SYNTHETIC_MVP_SPATIALIZED,Replace with official station/grid observations before ML validation
2026-02-01,2026,2,February,33,KMC Ward 33,22.636973,88.379036,15.3,0,4.3,Very Low,ward_representative_point,SYNTHETIC_MVP_SPATIALIZED,Replace with official station/grid observations before ML validation
2026-03-01,2026,3,March,33,KMC Ward 33,22.636973,88.379036,30.3,4,12.6,Low,ward_representative_point,SYNTHETIC_MVP_SPATIALIZED,Replace with official station/grid observations before ML validation
2026-04-01,2026,4,April,33,KMC Ward 33,22.636973,88.379036,53.9,5,20,Moderate,ward_representative_point,SYNTHETIC_MVP_SPATIALIZED,Replace with official station/grid observations before ML validation
2026-05-01,2026,5,May,33,KMC Ward 33,22.636973,88.379036,144.7,11,60.8,Moderate,ward_representative_point,SYNTHETIC_MVP_SPATIALIZED,Replace with official station/grid observations before ML validation
2026-06-01,2026,6,June,33,KMC Ward 33,22.636973,88.379036,213.9,19,90,High,ward_representative_point,SYNTHETIC_MVP_SPATIALIZED,Replace with official station/grid observations before ML validation
2026-07-01,2026,7,July,33,KMC Ward 33,22.636973,88.379036,243.9,20,83.1,High,ward_representative_point,SYNTHETIC_MVP_SPATIALIZED,Replace with official station/grid observations before ML validation
2026-08-01,2026,8,August,33,KMC Ward 33,22.636973,88.379036,253.3,20,82.2,High,ward_representative_point,SYNTHETIC_MVP_SPATIALIZED,Replace with official station/grid observations before ML validation
2025-09-01,2025,9,September,34,KMC Ward 34,22.658023,88.37476,227.1,20,67.4,High,ward_representative_point,SYNTHETIC_MVP_SPATIALIZED,Replace with official station/grid observations before ML validation
2025-10-01,2025,10,October,34,KMC Ward 34,22.658023,88.37476,174.2,12,44.7,High,ward_representative_point,SYNTHETIC_MVP_SPATIALIZED,Replace with official station/grid observations before ML validation
2025-11-01,2025,11,November,34,KMC Ward 34,22.658023,88.37476,39.9,5,17.2,Low,ward_representative_point,SYNTHETIC_MVP_SPATIALIZED,Replace with official station/grid observations before ML validation
2025-12-01,2025,12,December,34,KMC Ward 34,22.658023,88.37476,9.8,3,2.6,Very Low,ward_representative_point,SYNTHETIC_MVP_SPATIALIZED,Replace with official station/grid observations before ML validation
2026-01-01,2026,1,January,34,KMC Ward 34,22.658023,88.37476,7.6,0,2.8,Very Low,ward_representative_point,SYNTHETIC_MVP_SPATIALIZED,Replace with official station/grid observations before ML validation
2026-02-01,2026,2,February,34,KMC Ward 34,22.658023,88.37476,17.1,2,4.3,Very Low,ward_representative_point,SYNTHETIC_MVP_SPATIALIZED,Replace with official station/grid observations before ML validation
2026-03-01,2026,3,March,34,KMC Ward 34,22.658023,88.37476,34.6,5,12.4,Low,ward_representative_point,SYNTHETIC_MVP_SPATIALIZED,Replace with official station/grid observations before ML validation
2026-04-01,2026,4,April,34,KMC Ward 34,22.658023,88.37476,58.8,8,14.4,Moderate,ward_representative_point,SYNTHETIC_MVP_SPATIALIZED,Replace with official station/grid observations before ML validation
2026-05-01,2026,5,May,34,KMC Ward 34,22.658023,88.37476,127.6,7,28,Moderate,ward_representative_point,SYNTHETIC_MVP_SPATIALIZED,Replace with official station/grid observations before ML validation
2026-06-01,2026,6,June,34,KMC Ward 34,22.658023,88.37476,189.7,16,73.7,High,ward_representative_point,SYNTHETIC_MVP_SPATIALIZED,Replace with official station/grid observations before ML validation
2026-07-01,2026,7,July,34,KMC Ward 34,22.658023,88.37476,389.4,31,124.9,Very High,ward_representative_point,SYNTHETIC_MVP_SPATIALIZED,Replace with official station/grid observations before ML validation
2026-08-01,2026,8,August,34,KMC Ward 34,22.658023,88.37476,226.2,17,79.1,High,ward_representative_point,SYNTHETIC_MVP_SPATIALIZED,Replace with official station/grid observations before ML validation
2025-09-01,2025,9,September,35,KMC Ward 35,22.600828,88.366453,201.2,16,73.9,High,ward_representative_point,SYNTHETIC_MVP_SPATIALIZED,Replace with official station/grid observations before ML validation
2025-10-01,2025,10,October,35,KMC Ward 35,22.600828,88.366453,154.5,15,34.9,High,ward_representative_point,SYNTHETIC_MVP_SPATIALIZED,Replace with official station/grid observations before ML validation
2025-11-01,2025,11,November,35,KMC Ward 35,22.600828,88.366453,34.6,1,9.7,Low,ward_representative_point,SYNTHETIC_MVP_SPATIALIZED,Replace with official station/grid observations before ML validation
2025-12-01,2025,12,December,35,KMC Ward 35,22.600828,88.366453,14.7,2,4.6,Very Low,ward_representative_point,SYNTHETIC_MVP_SPATIALIZED,Replace with official station/grid observations before ML validation
2026-01-01,2026,1,January,35,KMC Ward 35,22.600828,88.366453,13,5,5.4,Very Low,ward_representative_point,SYNTHETIC_MVP_SPATIALIZED,Replace with official station/grid observations before ML validation
2026-02-01,2026,2,February,35,KMC Ward 35,22.600828,88.366453,17.4,0,4,Very Low,ward_representative_point,SYNTHETIC_MVP_SPATIALIZED,Replace with official station/grid observations before ML validation
2026-03-01,2026,3,March,35,KMC Ward 35,22.600828,88.366453,32.7,0,12.9,Low,ward_representative_point,SYNTHETIC_MVP_SPATIALIZED,Replace with official station/grid observations before ML validation
2026-04-01,2026,4,April,35,KMC Ward 35,22.600828,88.366453,79.8,5,34.9,Moderate,ward_representative_point,SYNTHETIC_MVP_SPATIALIZED,Replace with official station/grid observations before ML validation
2026-05-01,2026,5,May,35,KMC Ward 35,22.600828,88.366453,135.3,8,40.9,Moderate,ward_representative_point,SYNTHETIC_MVP_SPATIALIZED,Replace with official station/grid observations before ML validation
2026-06-01,2026,6,June,35,KMC Ward 35,22.600828,88.366453,291.4,23,111.9,High,ward_representative_point,SYNTHETIC_MVP_SPATIALIZED,Replace with official station/grid observations before ML validation
2026-07-01,2026,7,July,35,KMC Ward 35,22.600828,88.366453,484.7,31,141,Very High,ward_representative_point,SYNTHETIC_MVP_SPATIALIZED,Replace with official station/grid observations before ML validation
2026-08-01,2026,8,August,35,KMC Ward 35,22.600828,88.366453,369,30,136.4,Very High,ward_representative_point,SYNTHETIC_MVP_SPATIALIZED,Replace with official station/grid observations before ML validation
2025-09-01,2025,9,September,36,KMC Ward 36,22.619124,88.362467,247,22,88.8,High,ward_representative_point,SYNTHETIC_MVP_SPATIALIZED,Replace with official station/grid observations before ML validation
2025-10-01,2025,10,October,36,KMC Ward 36,22.619124,88.362467,152,15,32.6,High,ward_representative_point,SYNTHETIC_MVP_SPATIALIZED,Replace with official station/grid observations before ML validation
2025-11-01,2025,11,November,36,KMC Ward 36,22.619124,88.362467,38.5,4,13.7,Low,ward_representative_point,SYNTHETIC_MVP_SPATIALIZED,Replace with official station/grid observations before ML validation
2025-12-01,2025,12,December,36,KMC Ward 36,22.619124,88.362467,14.5,3,6.5,Very Low,ward_representative_point,SYNTHETIC_MVP_SPATIALIZED,Replace with official station/grid observations before ML validation
2026-01-01,2026,1,January,36,KMC Ward 36,22.619124,88.362467,9,0,2.4,Very Low,ward_representative_point,SYNTHETIC_MVP_SPATIALIZED,Replace with official station/grid observations before ML validation
2026-02-01,2026,2,February,36,KMC Ward 36,22.619124,88.362467,21.1,0,5.2,Low,ward_representative_point,SYNTHETIC_MVP_SPATIALIZED,Replace with official station/grid observations before ML validation
2026-03-01,2026,3,March,36,KMC Ward 36,22.619124,88.362467,38.5,2,12.8,Low,ward_representative_point,SYNTHETIC_MVP_SPATIALIZED,Replace with official station/grid observations before ML validation
2026-04-01,2026,4,April,36,KMC Ward 36,22.619124,88.362467,47.4,1,14.6,Low,ward_representative_point,SYNTHETIC_MVP_SPATIALIZED,Replace with official station/grid observations before ML validation
2026-05-01,2026,5,May,36,KMC Ward 36,22.619124,88.362467,140.6,12,30,Moderate,ward_representative_point,SYNTHETIC_MVP_SPATIALIZED,Replace with official station/grid observations before ML validation
2026-06-01,2026,6,June,36,KMC Ward 36,22.619124,88.362467,267.7,23,74.2,High,ward_representative_point,SYNTHETIC_MVP_SPATIALIZED,Replace with official station/grid observations before ML validation
2026-07-01,2026,7,July,36,KMC Ward 36,22.619124,88.362467,252.7,19,113.3,High,ward_representative_point,SYNTHETIC_MVP_SPATIALIZED,Replace with official station/grid observations before ML validation
2026-08-01,2026,8,August,36,KMC Ward 36,22.619124,88.362467,427.9,31,159.9,Very High,ward_representative_point,SYNTHETIC_MVP_SPATIALIZED,Replace with official station/grid observations before ML validation
2025-09-01,2025,9,September,37,KMC Ward 37,22.650895,88.359401,240.5,21,55.2,High,ward_representative_point,SYNTHETIC_MVP_SPATIALIZED,Replace with official station/grid observations before ML validation
2025-10-01,2025,10,October,37,KMC Ward 37,22.650895,88.359401,134.1,12,35.1,Moderate,ward_representative_point,SYNTHETIC_MVP_SPATIALIZED,Replace with official station/grid observations before ML validation
2025-11-01,2025,11,November,37,KMC Ward 37,22.650895,88.359401,40.2,3,13.5,Low,ward_representative_point,SYNTHETIC_MVP_SPATIALIZED,Replace with official station/grid observations before ML validation
2025-12-01,2025,12,December,37,KMC Ward 37,22.650895,88.359401,12.6,3,4.5,Very Low,ward_representative_point,SYNTHETIC_MVP_SPATIALIZED,Replace with official station/grid observations before ML validation
2026-01-01,2026,1,January,37,KMC Ward 37,22.650895,88.359401,13.3,3,3.8,Very Low,ward_representative_point,SYNTHETIC_MVP_SPATIALIZED,Replace with official station/grid observations before ML validation
2026-02-01,2026,2,February,37,KMC Ward 37,22.650895,88.359401,20.3,2,7.2,Low,ward_representative_point,SYNTHETIC_MVP_SPATIALIZED,Replace with official station/grid observations before ML validation
2026-03-01,2026,3,March,37,KMC Ward 37,22.650895,88.359401,43.6,2,17.4,Low,ward_representative_point,SYNTHETIC_MVP_SPATIALIZED,Replace with official station/grid observations before ML validation
2026-04-01,2026,4,April,37,KMC Ward 37,22.650895,88.359401,68,5,23.4,Moderate,ward_representative_point,SYNTHETIC_MVP_SPATIALIZED,Replace with official station/grid observations before ML validation
2026-05-01,2026,5,May,37,KMC Ward 37,22.650895,88.359401,118,9,47.6,Moderate,ward_representative_point,SYNTHETIC_MVP_SPATIALIZED,Replace with official station/grid observations before ML validation
2026-06-01,2026,6,June,37,KMC Ward 37,22.650895,88.359401,281.6,25,75.5,High,ward_representative_point,SYNTHETIC_MVP_SPATIALIZED,Replace with official station/grid observations before ML validation
2026-07-01,2026,7,July,37,KMC Ward 37,22.650895,88.359401,352.8,31,142,Very High,ward_representative_point,SYNTHETIC_MVP_SPATIALIZED,Replace with official station/grid observations before ML validation
2026-08-01,2026,8,August,37,KMC Ward 37,22.650895,88.359401,332.3,31,82.7,Very High,ward_representative_point,SYNTHETIC_MVP_SPATIALIZED,Replace with official station/grid observations before ML validation
2025-09-01,2025,9,September,38,KMC Ward 38,22.667075,88.357077,295.6,27,72.1,High,ward_representative_point,SYNTHETIC_MVP_SPATIALIZED,Replace with official station/grid observations before ML validation
2025-10-01,2025,10,October,38,KMC Ward 38,22.667075,88.357077,208,15,89.9,High,ward_representative_point,SYNTHETIC_MVP_SPATIALIZED,Replace with official station/grid observations before ML validation
2025-11-01,2025,11,November,38,KMC Ward 38,22.667075,88.357077,41.4,6,15.7,Low,ward_representative_point,SYNTHETIC_MVP_SPATIALIZED,Replace with official station/grid observations before ML validation
2025-12-01,2025,12,December,38,KMC Ward 38,22.667075,88.357077,14.6,0,4.5,Very Low,ward_representative_point,SYNTHETIC_MVP_SPATIALIZED,Replace with official station/grid observations before ML validation
2026-01-01,2026,1,January,38,KMC Ward 38,22.667075,88.357077,10.7,0,2.9,Very Low,ward_representative_point,SYNTHETIC_MVP_SPATIALIZED,Replace with official station/grid observations before ML validation
2026-02-01,2026,2,February,38,KMC Ward 38,22.667075,88.357077,17,1,5.9,Very Low,ward_representative_point,SYNTHETIC_MVP_SPATIALIZED,Replace with official station/grid observations before ML validation
2026-03-01,2026,3,March,38,KMC Ward 38,22.667075,88.357077,61.7,2,18.8,Moderate,ward_representative_point,SYNTHETIC_MVP_SPATIALIZED,Replace with official station/grid observations before ML validation
2026-04-01,2026,4,April,38,KMC Ward 38,22.667075,88.357077,78,8,27.2,Moderate,ward_representative_point,SYNTHETIC_MVP_SPATIALIZED,Replace with official station/grid observations before ML validation
2026-05-01,2026,5,May,38,KMC Ward 38,22.667075,88.357077,75.7,7,19,Moderate,ward_representative_point,SYNTHETIC_MVP_SPATIALIZED,Replace with official station/grid observations before ML validation
2026-06-01,2026,6,June,38,KMC Ward 38,22.667075,88.357077,411.8,31,158.4,Very High,ward_representative_point,SYNTHETIC_MVP_SPATIALIZED,Replace with official station/grid observations before ML validation
2026-07-01,2026,7,July,38,KMC Ward 38,22.667075,88.357077,391.3,30,82.9,Very High,ward_representative_point,SYNTHETIC_MVP_SPATIALIZED,Replace with official station/grid observations before ML validation
2026-08-01,2026,8,August,38,KMC Ward 38,22.667075,88.357077,421.1,31,88.9,Very High,ward_representative_point,SYNTHETIC_MVP_SPATIALIZED,Replace with official station/grid observations before ML validation
2025-09-01,2025,9,September,39,KMC Ward 39,22.607552,88.356928,267.3,23,71.5,High,ward_representative_point,SYNTHETIC_MVP_SPATIALIZED,Replace with official station/grid observations before ML validation
2025-10-01,2025,10,October,39,KMC Ward 39,22.607552,88.356928,161.7,16,47.9,High,ward_representative_point,SYNTHETIC_MVP_SPATIALIZED,Replace with official station/grid observations before ML validation
2025-11-01,2025,11,November,39,KMC Ward 39,22.607552,88.356928,34,4,10.4,Low,ward_representative_point,SYNTHETIC_MVP_SPATIALIZED,Replace with official station/grid observations before ML validation
2025-12-01,2025,12,December,39,KMC Ward 39,22.607552,88.356928,7.8,2,3.5,Very Low,ward_representative_point,SYNTHETIC_MVP_SPATIALIZED,Replace with official station/grid observations before ML validation
2026-01-01,2026,1,January,39,KMC Ward 39,22.607552,88.356928,10.1,2,4,Very Low,ward_representative_point,SYNTHETIC_MVP_SPATIALIZED,Replace with official station/grid observations before ML validation
2026-02-01,2026,2,February,39,KMC Ward 39,22.607552,88.356928,22.7,0,9.1,Low,ward_representative_point,SYNTHETIC_MVP_SPATIALIZED,Replace with official station/grid observations before ML validation
2026-03-01,2026,3,March,39,KMC Ward 39,22.607552,88.356928,39.1,1,8.4,Low,ward_representative_point,SYNTHETIC_MVP_SPATIALIZED,Replace with official station/grid observations before ML validation
2026-04-01,2026,4,April,39,KMC Ward 39,22.607552,88.356928,60.7,4,18.4,Moderate,ward_representative_point,SYNTHETIC_MVP_SPATIALIZED,Replace with official station/grid observations before ML validation
2026-05-01,2026,5,May,39,KMC Ward 39,22.607552,88.356928,97.7,10,30.2,Moderate,ward_representative_point,SYNTHETIC_MVP_SPATIALIZED,Replace with official station/grid observations before ML validation
2026-06-01,2026,6,June,39,KMC Ward 39,22.607552,88.356928,310.9,22,76,Very High,ward_representative_point,SYNTHETIC_MVP_SPATIALIZED,Replace with official station/grid observations before ML validation
2026-07-01,2026,7,July,39,KMC Ward 39,22.607552,88.356928,476.1,31,202.9,Very High,ward_representative_point,SYNTHETIC_MVP_SPATIALIZED,Replace with official station/grid observations before ML validation
2026-08-01,2026,8,August,39,KMC Ward 39,22.607552,88.356928,440.7,31,126.2,Very High,ward_representative_point,SYNTHETIC_MVP_SPATIALIZED,Replace with official station/grid observations before ML validation
2025-09-01,2025,9,September,40,KMC Ward 40,22.631188,88.352752,209.4,17,51.6,High,ward_representative_point,SYNTHETIC_MVP_SPATIALIZED,Replace with official station/grid observations before ML validation
2025-10-01,2025,10,October,40,KMC Ward 40,22.631188,88.352752,148.5,9,36.2,Moderate,ward_representative_point,SYNTHETIC_MVP_SPATIALIZED,Replace with official station/grid observations before ML validation
2025-11-01,2025,11,November,40,KMC Ward 40,22.631188,88.352752,40.9,4,14,Low,ward_representative_point,SYNTHETIC_MVP_SPATIALIZED,Replace with official station/grid observations before ML validation
2025-12-01,2025,12,December,40,KMC Ward 40,22.631188,88.352752,14.9,0,6.6,Very Low,ward_representative_point,SYNTHETIC_MVP_SPATIALIZED,Replace with official station/grid observations before ML validation
2026-01-01,2026,1,January,40,KMC Ward 40,22.631188,88.352752,12.5,0,3,Very Low,ward_representative_point,SYNTHETIC_MVP_SPATIALIZED,Replace with official station/grid observations before ML validation
2026-02-01,2026,2,February,40,KMC Ward 40,22.631188,88.352752,20.1,0,5.1,Low,ward_representative_point,SYNTHETIC_MVP_SPATIALIZED,Replace with official station/grid observations before ML validation
2026-03-01,2026,3,March,40,KMC Ward 40,22.631188,88.352752,31.9,3,10.8,Low,ward_representative_point,SYNTHETIC_MVP_SPATIALIZED,Replace with official station/grid observations before ML validation
2026-04-01,2026,4,April,40,KMC Ward 40,22.631188,88.352752,29.4,3,7.6,Low,ward_representative_point,SYNTHETIC_MVP_SPATIALIZED,Replace with official station/grid observations before ML validation
2026-05-01,2026,5,May,40,KMC Ward 40,22.631188,88.352752,75.3,7,20.3,Moderate,ward_representative_point,SYNTHETIC_MVP_SPATIALIZED,Replace with official station/grid observations before ML validation
2026-06-01,2026,6,June,40,KMC Ward 40,22.631188,88.352752,165.2,15,65.4,High,ward_representative_point,SYNTHETIC_MVP_SPATIALIZED,Replace with official station/grid observations before ML validation
2026-07-01,2026,7,July,40,KMC Ward 40,22.631188,88.352752,322.8,29,84.8,Very High,ward_representative_point,SYNTHETIC_MVP_SPATIALIZED,Replace with official station/grid observations before ML validation
2026-08-01,2026,8,August,40,KMC Ward 40,22.631188,88.352752,359.8,31,84.9,Very High,ward_representative_point,SYNTHETIC_MVP_SPATIALIZED,Replace with official station/grid observations before ML validation
2025-09-01,2025,9,September,41,KMC Ward 41,22.650823,88.343545,228,22,71.1,High,ward_representative_point,SYNTHETIC_MVP_SPATIALIZED,Replace with official station/grid observations before ML validation
2025-10-01,2025,10,October,41,KMC Ward 41,22.650823,88.343545,138.9,11,37.1,Moderate,ward_representative_point,SYNTHETIC_MVP_SPATIALIZED,Replace with official station/grid observations before ML validation
2025-11-01,2025,11,November,41,KMC Ward 41,22.650823,88.343545,31,4,11.4,Low,ward_representative_point,SYNTHETIC_MVP_SPATIALIZED,Replace with official station/grid observations before ML validation
2025-12-01,2025,12,December,41,KMC Ward 41,22.650823,88.343545,7.1,2,2,Very Low,ward_representative_point,SYNTHETIC_MVP_SPATIALIZED,Replace with official station/grid observations before ML validation
2026-01-01,2026,1,January,41,KMC Ward 41,22.650823,88.343545,9.2,3,4.1,Very Low,ward_representative_point,SYNTHETIC_MVP_SPATIALIZED,Replace with official station/grid observations before ML validation
2026-02-01,2026,2,February,41,KMC Ward 41,22.650823,88.343545,21.4,1,8,Low,ward_representative_point,SYNTHETIC_MVP_SPATIALIZED,Replace with official station/grid observations before ML validation
2026-03-01,2026,3,March,41,KMC Ward 41,22.650823,88.343545,29.5,5,8.5,Low,ward_representative_point,SYNTHETIC_MVP_SPATIALIZED,Replace with official station/grid observations before ML validation
2026-04-01,2026,4,April,41,KMC Ward 41,22.650823,88.343545,76.5,4,26.3,Moderate,ward_representative_point,SYNTHETIC_MVP_SPATIALIZED,Replace with official station/grid observations before ML validation
2026-05-01,2026,5,May,41,KMC Ward 41,22.650823,88.343545,101.1,9,21.2,Moderate,ward_representative_point,SYNTHETIC_MVP_SPATIALIZED,Replace with official station/grid observations before ML validation
2026-06-01,2026,6,June,41,KMC Ward 41,22.650823,88.343545,261,21,84.2,High,ward_representative_point,SYNTHETIC_MVP_SPATIALIZED,Replace with official station/grid observations before ML validation
2026-07-01,2026,7,July,41,KMC Ward 41,22.650823,88.343545,241.5,20,77.4,High,ward_representative_point,SYNTHETIC_MVP_SPATIALIZED,Replace with official station/grid observations before ML validation
2026-08-01,2026,8,August,41,KMC Ward 41,22.650823,88.343545,373.1,31,129.7,Very High,ward_representative_point,SYNTHETIC_MVP_SPATIALIZED,Replace with official station/grid observations before ML validation
2025-09-01,2025,9,September,42,KMC Ward 42,22.591739,88.359582,212.4,21,75.5,High,ward_representative_point,SYNTHETIC_MVP_SPATIALIZED,Replace with official station/grid observations before ML validation
2025-10-01,2025,10,October,42,KMC Ward 42,22.591739,88.359582,144.9,9,58.1,Moderate,ward_representative_point,SYNTHETIC_MVP_SPATIALIZED,Replace with official station/grid observations before ML validation
2025-11-01,2025,11,November,42,KMC Ward 42,22.591739,88.359582,33.7,2,12.7,Low,ward_representative_point,SYNTHETIC_MVP_SPATIALIZED,Replace with official station/grid observations before ML validation
2025-12-01,2025,12,December,42,KMC Ward 42,22.591739,88.359582,10.8,1,2.5,Very Low,ward_representative_point,SYNTHETIC_MVP_SPATIALIZED,Replace with official station/grid observations before ML validation
2026-01-01,2026,1,January,42,KMC Ward 42,22.591739,88.359582,11.2,1,2.4,Very Low,ward_representative_point,SYNTHETIC_MVP_SPATIALIZED,Replace with official station/grid observations before ML validation
2026-02-01,2026,2,February,42,KMC Ward 42,22.591739,88.359582,16.6,1,6.6,Very Low,ward_representative_point,SYNTHETIC_MVP_SPATIALIZED,Replace with official station/grid observations before ML validation
2026-03-01,2026,3,March,42,KMC Ward 42,22.591739,88.359582,17.7,1,4.7,Very Low,ward_representative_point,SYNTHETIC_MVP_SPATIALIZED,Replace with official station/grid observations before ML validation
2026-04-01,2026,4,April,42,KMC Ward 42,22.591739,88.359582,51.3,5,11.2,Moderate,ward_representative_point,SYNTHETIC_MVP_SPATIALIZED,Replace with official station/grid observations before ML validation
2026-05-01,2026,5,May,42,KMC Ward 42,22.591739,88.359582,78.4,5,32.3,Moderate,ward_representative_point,SYNTHETIC_MVP_SPATIALIZED,Replace with official station/grid observations before ML validation
2026-06-01,2026,6,June,42,KMC Ward 42,22.591739,88.359582,206.9,17,78.9,High,ward_representative_point,SYNTHETIC_MVP_SPATIALIZED,Replace with official station/grid observations before ML validation
2026-07-01,2026,7,July,42,KMC Ward 42,22.591739,88.359582,258.3,21,57.6,High,ward_representative_point,SYNTHETIC_MVP_SPATIALIZED,Replace with official station/grid observations before ML validation
2026-08-01,2026,8,August,42,KMC Ward 42,22.591739,88.359582,210.9,16,42.8,High,ward_representative_point,SYNTHETIC_MVP_SPATIALIZED,Replace with official station/grid observations before ML validation
2025-09-01,2025,9,September,43,KMC Ward 43,22.611378,88.346765,226.1,21,87.4,High,ward_representative_point,SYNTHETIC_MVP_SPATIALIZED,Replace with official station/grid observations before ML validation
2025-10-01,2025,10,October,43,KMC Ward 43,22.611378,88.346765,123.8,10,43.5,Moderate,ward_representative_point,SYNTHETIC_MVP_SPATIALIZED,Replace with official station/grid observations before ML validation
2025-11-01,2025,11,November,43,KMC Ward 43,22.611378,88.346765,37,3,13.8,Low,ward_representative_point,SYNTHETIC_MVP_SPATIALIZED,Replace with official station/grid observations before ML validation
2025-12-01,2025,12,December,43,KMC Ward 43,22.611378,88.346765,17.7,0,3.8,Very Low,ward_representative_point,SYNTHETIC_MVP_SPATIALIZED,Replace with official station/grid observations before ML validation
2026-01-01,2026,1,January,43,KMC Ward 43,22.611378,88.346765,10.9,0,2.5,Very Low,ward_representative_point,SYNTHETIC_MVP_SPATIALIZED,Replace with official station/grid observations before ML validation
2026-02-01,2026,2,February,43,KMC Ward 43,22.611378,88.346765,23.2,2,9.2,Low,ward_representative_point,SYNTHETIC_MVP_SPATIALIZED,Replace with official station/grid observations before ML validation
2026-03-01,2026,3,March,43,KMC Ward 43,22.611378,88.346765,32,2,10.3,Low,ward_representative_point,SYNTHETIC_MVP_SPATIALIZED,Replace with official station/grid observations before ML validation
2026-04-01,2026,4,April,43,KMC Ward 43,22.611378,88.346765,70.6,8,25.8,Moderate,ward_representative_point,SYNTHETIC_MVP_SPATIALIZED,Replace with official station/grid observations before ML validation
2026-05-01,2026,5,May,43,KMC Ward 43,22.611378,88.346765,118.3,12,27.4,Moderate,ward_representative_point,SYNTHETIC_MVP_SPATIALIZED,Replace with official station/grid observations before ML validation
2026-06-01,2026,6,June,43,KMC Ward 43,22.611378,88.346765,211.2,16,62.6,High,ward_representative_point,SYNTHETIC_MVP_SPATIALIZED,Replace with official station/grid observations before ML validation
2026-07-01,2026,7,July,43,KMC Ward 43,22.611378,88.346765,470.6,31,102.4,Very High,ward_representative_point,SYNTHETIC_MVP_SPATIALIZED,Replace with official station/grid observations before ML validation
2026-08-01,2026,8,August,43,KMC Ward 43,22.611378,88.346765,306.4,26,116.2,Very High,ward_representative_point,SYNTHETIC_MVP_SPATIALIZED,Replace with official station/grid observations before ML validation
2025-09-01,2025,9,September,44,KMC Ward 44,22.626359,88.340246,227.1,19,59.5,High,ward_representative_point,SYNTHETIC_MVP_SPATIALIZED,Replace with official station/grid observations before ML validation
2025-10-01,2025,10,October,44,KMC Ward 44,22.626359,88.340246,157.9,12,49,High,ward_representative_point,SYNTHETIC_MVP_SPATIALIZED,Replace with official station/grid observations before ML validation
2025-11-01,2025,11,November,44,KMC Ward 44,22.626359,88.340246,47.1,3,10.4,Low,ward_representative_point,SYNTHETIC_MVP_SPATIALIZED,Replace with official station/grid observations before ML validation
2025-12-01,2025,12,December,44,KMC Ward 44,22.626359,88.340246,14.6,5,4.7,Very Low,ward_representative_point,SYNTHETIC_MVP_SPATIALIZED,Replace with official station/grid observations before ML validation
2026-01-01,2026,1,January,44,KMC Ward 44,22.626359,88.340246,8.9,0,3.1,Very Low,ward_representative_point,SYNTHETIC_MVP_SPATIALIZED,Replace with official station/grid observations before ML validation
2026-02-01,2026,2,February,44,KMC Ward 44,22.626359,88.340246,14.1,0,4.1,Very Low,ward_representative_point,SYNTHETIC_MVP_SPATIALIZED,Replace with official station/grid observations before ML validation
2026-03-01,2026,3,March,44,KMC Ward 44,22.626359,88.340246,30,1,8.3,Low,ward_representative_point,SYNTHETIC_MVP_SPATIALIZED,Replace with official station/grid observations before ML validation
2026-04-01,2026,4,April,44,KMC Ward 44,22.626359,88.340246,57.3,3,18.2,Moderate,ward_representative_point,SYNTHETIC_MVP_SPATIALIZED,Replace with official station/grid observations before ML validation
2026-05-01,2026,5,May,44,KMC Ward 44,22.626359,88.340246,135.2,12,42.1,Moderate,ward_representative_point,SYNTHETIC_MVP_SPATIALIZED,Replace with official station/grid observations before ML validation
2026-06-01,2026,6,June,44,KMC Ward 44,22.626359,88.340246,254.1,23,98.8,High,ward_representative_point,SYNTHETIC_MVP_SPATIALIZED,Replace with official station/grid observations before ML validation
2026-07-01,2026,7,July,44,KMC Ward 44,22.626359,88.340246,313.5,27,74.3,Very High,ward_representative_point,SYNTHETIC_MVP_SPATIALIZED,Replace with official station/grid observations before ML validation
2026-08-01,2026,8,August,44,KMC Ward 44,22.626359,88.340246,319.6,25,116.2,Very High,ward_representative_point,SYNTHETIC_MVP_SPATIALIZED,Replace with official station/grid observations before ML validation
2025-09-01,2025,9,September,45,KMC Ward 45,22.643175,88.331368,276.6,26,93.5,High,ward_representative_point,SYNTHETIC_MVP_SPATIALIZED,Replace with official station/grid observations before ML validation
2025-10-01,2025,10,October,45,KMC Ward 45,22.643175,88.331368,166.4,16,47.4,High,ward_representative_point,SYNTHETIC_MVP_SPATIALIZED,Replace with official station/grid observations before ML validation
2025-11-01,2025,11,November,45,KMC Ward 45,22.643175,88.331368,31.1,0,12.1,Low,ward_representative_point,SYNTHETIC_MVP_SPATIALIZED,Replace with official station/grid observations before ML validation
2025-12-01,2025,12,December,45,KMC Ward 45,22.643175,88.331368,15.1,0,3.3,Very Low,ward_representative_point,SYNTHETIC_MVP_SPATIALIZED,Replace with official station/grid observations before ML validation
2026-01-01,2026,1,January,45,KMC Ward 45,22.643175,88.331368,9.8,0,3.4,Very Low,ward_representative_point,SYNTHETIC_MVP_SPATIALIZED,Replace with official station/grid observations before ML validation
2026-02-01,2026,2,February,45,KMC Ward 45,22.643175,88.331368,19.6,3,4.1,Very Low,ward_representative_point,SYNTHETIC_MVP_SPATIALIZED,Replace with official station/grid observations before ML validation
2026-03-01,2026,3,March,45,KMC Ward 45,22.643175,88.331368,36.5,0,12.4,Low,ward_representative_point,SYNTHETIC_MVP_SPATIALIZED,Replace with official station/grid observations before ML validation
2026-04-01,2026,4,April,45,KMC Ward 45,22.643175,88.331368,37.7,2,16.3,Low,ward_representative_point,SYNTHETIC_MVP_SPATIALIZED,Replace with official station/grid observations before ML validation
2026-05-01,2026,5,May,45,KMC Ward 45,22.643175,88.331368,128.9,8,53.9,Moderate,ward_representative_point,SYNTHETIC_MVP_SPATIALIZED,Replace with official station/grid observations before ML validation
2026-06-01,2026,6,June,45,KMC Ward 45,22.643175,88.331368,342.9,26,154.2,Very High,ward_representative_point,SYNTHETIC_MVP_SPATIALIZED,Replace with official station/grid observations before ML validation
2026-07-01,2026,7,July,45,KMC Ward 45,22.643175,88.331368,234.6,20,102,High,ward_representative_point,SYNTHETIC_MVP_SPATIALIZED,Replace with official station/grid observations before ML validation
2026-08-01,2026,8,August,45,KMC Ward 45,22.643175,88.331368,281.5,24,67.7,High,ward_representative_point,SYNTHETIC_MVP_SPATIALIZED,Replace with official station/grid observations before ML validation
2025-09-01,2025,9,September,46,KMC Ward 46,22.595551,88.346722,192,17,41.9,High,ward_representative_point,SYNTHETIC_MVP_SPATIALIZED,Replace with official station/grid observations before ML validation
2025-10-01,2025,10,October,46,KMC Ward 46,22.595551,88.346722,186,17,51.5,High,ward_representative_point,SYNTHETIC_MVP_SPATIALIZED,Replace with official station/grid observations before ML validation
2025-11-01,2025,11,November,46,KMC Ward 46,22.595551,88.346722,18.4,2,5.3,Very Low,ward_representative_point,SYNTHETIC_MVP_SPATIALIZED,Replace with official station/grid observations before ML validation
2025-12-01,2025,12,December,46,KMC Ward 46,22.595551,88.346722,10.5,0,3.8,Very Low,ward_representative_point,SYNTHETIC_MVP_SPATIALIZED,Replace with official station/grid observations before ML validation
2026-01-01,2026,1,January,46,KMC Ward 46,22.595551,88.346722,12.7,3,5.6,Very Low,ward_representative_point,SYNTHETIC_MVP_SPATIALIZED,Replace with official station/grid observations before ML validation
2026-02-01,2026,2,February,46,KMC Ward 46,22.595551,88.346722,19,0,5.8,Very Low,ward_representative_point,SYNTHETIC_MVP_SPATIALIZED,Replace with official station/grid observations before ML validation
2026-03-01,2026,3,March,46,KMC Ward 46,22.595551,88.346722,42,1,17,Low,ward_representative_point,SYNTHETIC_MVP_SPATIALIZED,Replace with official station/grid observations before ML validation
2026-04-01,2026,4,April,46,KMC Ward 46,22.595551,88.346722,71.7,5,17.2,Moderate,ward_representative_point,SYNTHETIC_MVP_SPATIALIZED,Replace with official station/grid observations before ML validation
2026-05-01,2026,5,May,46,KMC Ward 46,22.595551,88.346722,118.4,11,28.1,Moderate,ward_representative_point,SYNTHETIC_MVP_SPATIALIZED,Replace with official station/grid observations before ML validation
2026-06-01,2026,6,June,46,KMC Ward 46,22.595551,88.346722,289.8,22,109.5,High,ward_representative_point,SYNTHETIC_MVP_SPATIALIZED,Replace with official station/grid observations before ML validation
2026-07-01,2026,7,July,46,KMC Ward 46,22.595551,88.346722,335.9,28,88.7,Very High,ward_representative_point,SYNTHETIC_MVP_SPATIALIZED,Replace with official station/grid observations before ML validation
2026-08-01,2026,8,August,46,KMC Ward 46,22.595551,88.346722,297.8,23,60.9,High,ward_representative_point,SYNTHETIC_MVP_SPATIALIZED,Replace with official station/grid observations before ML validation
2025-09-01,2025,9,September,47,KMC Ward 47,22.605503,88.337168,289.5,22,79.5,High,ward_representative_point,SYNTHETIC_MVP_SPATIALIZED,Replace with official station/grid observations before ML validation
2025-10-01,2025,10,October,47,KMC Ward 47,22.605503,88.337168,179.4,16,60.9,High,ward_representative_point,SYNTHETIC_MVP_SPATIALIZED,Replace with official station/grid observations before ML validation
2025-11-01,2025,11,November,47,KMC Ward 47,22.605503,88.337168,32,3,9.3,Low,ward_representative_point,SYNTHETIC_MVP_SPATIALIZED,Replace with official station/grid observations before ML validation
2025-12-01,2025,12,December,47,KMC Ward 47,22.605503,88.337168,7.8,0,2,Very Low,ward_representative_point,SYNTHETIC_MVP_SPATIALIZED,Replace with official station/grid observations before ML validation
2026-01-01,2026,1,January,47,KMC Ward 47,22.605503,88.337168,6,0,1.6,Very Low,ward_representative_point,SYNTHETIC_MVP_SPATIALIZED,Replace with official station/grid observations before ML validation
2026-02-01,2026,2,February,47,KMC Ward 47,22.605503,88.337168,16.8,2,5.6,Very Low,ward_representative_point,SYNTHETIC_MVP_SPATIALIZED,Replace with official station/grid observations before ML validation
2026-03-01,2026,3,March,47,KMC Ward 47,22.605503,88.337168,34.5,2,11.6,Low,ward_representative_point,SYNTHETIC_MVP_SPATIALIZED,Replace with official station/grid observations before ML validation
2026-04-01,2026,4,April,47,KMC Ward 47,22.605503,88.337168,85.2,2,19.5,Moderate,ward_representative_point,SYNTHETIC_MVP_SPATIALIZED,Replace with official station/grid observations before ML validation
2026-05-01,2026,5,May,47,KMC Ward 47,22.605503,88.337168,93.1,9,29.4,Moderate,ward_representative_point,SYNTHETIC_MVP_SPATIALIZED,Replace with official station/grid observations before ML validation
2026-06-01,2026,6,June,47,KMC Ward 47,22.605503,88.337168,254.1,20,98.6,High,ward_representative_point,SYNTHETIC_MVP_SPATIALIZED,Replace with official station/grid observations before ML validation
2026-07-01,2026,7,July,47,KMC Ward 47,22.605503,88.337168,357.9,29,160.5,Very High,ward_representative_point,SYNTHETIC_MVP_SPATIALIZED,Replace with official station/grid observations before ML validation
2026-08-01,2026,8,August,47,KMC Ward 47,22.605503,88.337168,206.6,17,85.2,High,ward_representative_point,SYNTHETIC_MVP_SPATIALIZED,Replace with official station/grid observations before ML validation
2025-09-01,2025,9,September,48,KMC Ward 48,22.627511,88.333775,232.1,19,101.1,High,ward_representative_point,SYNTHETIC_MVP_SPATIALIZED,Replace with official station/grid observations before ML validation
2025-10-01,2025,10,October,48,KMC Ward 48,22.627511,88.333775,166.9,11,47.8,High,ward_representative_point,SYNTHETIC_MVP_SPATIALIZED,Replace with official station/grid observations before ML validation
2025-11-01,2025,11,November,48,KMC Ward 48,22.627511,88.333775,31.4,2,6.9,Low,ward_representative_point,SYNTHETIC_MVP_SPATIALIZED,Replace with official station/grid observations before ML validation
2025-12-01,2025,12,December,48,KMC Ward 48,22.627511,88.333775,11.4,3,4,Very Low,ward_representative_point,SYNTHETIC_MVP_SPATIALIZED,Replace with official station/grid observations before ML validation
2026-01-01,2026,1,January,48,KMC Ward 48,22.627511,88.333775,8.1,1,3.5,Very Low,ward_representative_point,SYNTHETIC_MVP_SPATIALIZED,Replace with official station/grid observations before ML validation
2026-02-01,2026,2,February,48,KMC Ward 48,22.627511,88.333775,20.5,2,5,Low,ward_representative_point,SYNTHETIC_MVP_SPATIALIZED,Replace with official station/grid observations before ML validation
2026-03-01,2026,3,March,48,KMC Ward 48,22.627511,88.333775,30.5,3,10.3,Low,ward_representative_point,SYNTHETIC_MVP_SPATIALIZED,Replace with official station/grid observations before ML validation
2026-04-01,2026,4,April,48,KMC Ward 48,22.627511,88.333775,50.3,4,19.3,Moderate,ward_representative_point,SYNTHETIC_MVP_SPATIALIZED,Replace with official station/grid observations before ML validation
2026-05-01,2026,5,May,48,KMC Ward 48,22.627511,88.333775,117.6,10,51.3,Moderate,ward_representative_point,SYNTHETIC_MVP_SPATIALIZED,Replace with official station/grid observations before ML validation
2026-06-01,2026,6,June,48,KMC Ward 48,22.627511,88.333775,311,26,101.6,Very High,ward_representative_point,SYNTHETIC_MVP_SPATIALIZED,Replace with official station/grid observations before ML validation
2026-07-01,2026,7,July,48,KMC Ward 48,22.627511,88.333775,459.9,31,132,Very High,ward_representative_point,SYNTHETIC_MVP_SPATIALIZED,Replace with official station/grid observations before ML validation
2026-08-01,2026,8,August,48,KMC Ward 48,22.627511,88.333775,371.1,31,85.4,Very High,ward_representative_point,SYNTHETIC_MVP_SPATIALIZED,Replace with official station/grid observations before ML validation
2025-09-01,2025,9,September,49,KMC Ward 49,22.641262,88.313402,288.6,24,121.7,High,ward_representative_point,SYNTHETIC_MVP_SPATIALIZED,Replace with official station/grid observations before ML validation
2025-10-01,2025,10,October,49,KMC Ward 49,22.641262,88.313402,221.2,21,81.5,High,ward_representative_point,SYNTHETIC_MVP_SPATIALIZED,Replace with official station/grid observations before ML validation
2025-11-01,2025,11,November,49,KMC Ward 49,22.641262,88.313402,41.7,2,16.5,Low,ward_representative_point,SYNTHETIC_MVP_SPATIALIZED,Replace with official station/grid observations before ML validation
2025-12-01,2025,12,December,49,KMC Ward 49,22.641262,88.313402,12.6,0,5,Very Low,ward_representative_point,SYNTHETIC_MVP_SPATIALIZED,Replace with official station/grid observations before ML validation
2026-01-01,2026,1,January,49,KMC Ward 49,22.641262,88.313402,13.3,1,3.7,Very Low,ward_representative_point,SYNTHETIC_MVP_SPATIALIZED,Replace with official station/grid observations before ML validation
2026-02-01,2026,2,February,49,KMC Ward 49,22.641262,88.313402,18.2,5,5.2,Very Low,ward_representative_point,SYNTHETIC_MVP_SPATIALIZED,Replace with official station/grid observations before ML validation
2026-03-01,2026,3,March,49,KMC Ward 49,22.641262,88.313402,28.7,0,12,Low,ward_representative_point,SYNTHETIC_MVP_SPATIALIZED,Replace with official station/grid observations before ML validation
2026-04-01,2026,4,April,49,KMC Ward 49,22.641262,88.313402,74.6,9,16.4,Moderate,ward_representative_point,SYNTHETIC_MVP_SPATIALIZED,Replace with official station/grid observations before ML validation
2026-05-01,2026,5,May,49,KMC Ward 49,22.641262,88.313402,151,11,67.5,High,ward_representative_point,SYNTHETIC_MVP_SPATIALIZED,Replace with official station/grid observations before ML validation
2026-06-01,2026,6,June,49,KMC Ward 49,22.641262,88.313402,296.6,26,124,High,ward_representative_point,SYNTHETIC_MVP_SPATIALIZED,Replace with official station/grid observations before ML validation
2026-07-01,2026,7,July,49,KMC Ward 49,22.641262,88.313402,372.5,28,84.7,Very High,ward_representative_point,SYNTHETIC_MVP_SPATIALIZED,Replace with official station/grid observations before ML validation
2026-08-01,2026,8,August,49,KMC Ward 49,22.641262,88.313402,325.5,27,91.1,Very High,ward_representative_point,SYNTHETIC_MVP_SPATIALIZED,Replace with official station/grid observations before ML validation
2025-09-01,2025,9,September,50,KMC Ward 50,22.591587,88.342832,325.9,28,133.3,Very High,ward_representative_point,SYNTHETIC_MVP_SPATIALIZED,Replace with official station/grid observations before ML validation
2025-10-01,2025,10,October,50,KMC Ward 50,22.591587,88.342832,149.4,15,66.9,Moderate,ward_representative_point,SYNTHETIC_MVP_SPATIALIZED,Replace with official station/grid observations before ML validation
2025-11-01,2025,11,November,50,KMC Ward 50,22.591587,88.342832,51,0,17.5,Moderate,ward_representative_point,SYNTHETIC_MVP_SPATIALIZED,Replace with official station/grid observations before ML validation
2025-12-01,2025,12,December,50,KMC Ward 50,22.591587,88.342832,15.3,2,4.3,Very Low,ward_representative_point,SYNTHETIC_MVP_SPATIALIZED,Replace with official station/grid observations before ML validation
2026-01-01,2026,1,January,50,KMC Ward 50,22.591587,88.342832,11,3,4.9,Very Low,ward_representative_point,SYNTHETIC_MVP_SPATIALIZED,Replace with official station/grid observations before ML validation
2026-02-01,2026,2,February,50,KMC Ward 50,22.591587,88.342832,22.8,2,9.3,Low,ward_representative_point,SYNTHETIC_MVP_SPATIALIZED,Replace with official station/grid observations before ML validation
2026-03-01,2026,3,March,50,KMC Ward 50,22.591587,88.342832,37.7,7,12.7,Low,ward_representative_point,SYNTHETIC_MVP_SPATIALIZED,Replace with official station/grid observations before ML validation
2026-04-01,2026,4,April,50,KMC Ward 50,22.591587,88.342832,70.8,6,29.1,Moderate,ward_representative_point,SYNTHETIC_MVP_SPATIALIZED,Replace with official station/grid observations before ML validation
2026-05-01,2026,5,May,50,KMC Ward 50,22.591587,88.342832,121.5,12,32.1,Moderate,ward_representative_point,SYNTHETIC_MVP_SPATIALIZED,Replace with official station/grid observations before ML validation
2026-06-01,2026,6,June,50,KMC Ward 50,22.591587,88.342832,281.7,20,109.4,High,ward_representative_point,SYNTHETIC_MVP_SPATIALIZED,Replace with official station/grid observations before ML validation
2026-07-01,2026,7,July,50,KMC Ward 50,22.591587,88.342832,519.1,31,199.5,Very High,ward_representative_point,SYNTHETIC_MVP_SPATIALIZED,Replace with official station/grid observations before ML validation
2026-08-01,2026,8,August,50,KMC Ward 50,22.591587,88.342832,355.2,27,101.9,Very High,ward_representative_point,SYNTHETIC_MVP_SPATIALIZED,Replace with official station/grid observations before ML validation
2025-09-01,2025,9,September,51,KMC Ward 51,22.60388,88.330842,179.5,17,42.6,High,ward_representative_point,SYNTHETIC_MVP_SPATIALIZED,Replace with official station/grid observations before ML validation
2025-10-01,2025,10,October,51,KMC Ward 51,22.60388,88.330842,163.9,12,58.7,High,ward_representative_point,SYNTHETIC_MVP_SPATIALIZED,Replace with official station/grid observations before ML validation
2025-11-01,2025,11,November,51,KMC Ward 51,22.60388,88.330842,30.2,3,11.7,Low,ward_representative_point,SYNTHETIC_MVP_SPATIALIZED,Replace with official station/grid observations before ML validation
2025-12-01,2025,12,December,51,KMC Ward 51,22.60388,88.330842,11.5,3,5.1,Very Low,ward_representative_point,SYNTHETIC_MVP_SPATIALIZED,Replace with official station/grid observations before ML validation
2026-01-01,2026,1,January,51,KMC Ward 51,22.60388,88.330842,11.2,1,4.6,Very Low,ward_representative_point,SYNTHETIC_MVP_SPATIALIZED,Replace with official station/grid observations before ML validation
2026-02-01,2026,2,February,51,KMC Ward 51,22.60388,88.330842,19.9,0,8.1,Very Low,ward_representative_point,SYNTHETIC_MVP_SPATIALIZED,Replace with official station/grid observations before ML validation
2026-03-01,2026,3,March,51,KMC Ward 51,22.60388,88.330842,32.3,2,11.4,Low,ward_representative_point,SYNTHETIC_MVP_SPATIALIZED,Replace with official station/grid observations before ML validation
2026-04-01,2026,4,April,51,KMC Ward 51,22.60388,88.330842,59,3,23.6,Moderate,ward_representative_point,SYNTHETIC_MVP_SPATIALIZED,Replace with official station/grid observations before ML validation
2026-05-01,2026,5,May,51,KMC Ward 51,22.60388,88.330842,101.9,10,29.7,Moderate,ward_representative_point,SYNTHETIC_MVP_SPATIALIZED,Replace with official station/grid observations before ML validation
2026-06-01,2026,6,June,51,KMC Ward 51,22.60388,88.330842,247.1,22,100.5,High,ward_representative_point,SYNTHETIC_MVP_SPATIALIZED,Replace with official station/grid observations before ML validation
2026-07-01,2026,7,July,51,KMC Ward 51,22.60388,88.330842,372.6,31,87.6,Very High,ward_representative_point,SYNTHETIC_MVP_SPATIALIZED,Replace with official station/grid observations before ML validation
2026-08-01,2026,8,August,51,KMC Ward 51,22.60388,88.330842,192.9,16,76.6,High,ward_representative_point,SYNTHETIC_MVP_SPATIALIZED,Replace with official station/grid observations before ML validation
2025-09-01,2025,9,September,52,KMC Ward 52,22.626415,88.31327,180.3,16,37.2,High,ward_representative_point,SYNTHETIC_MVP_SPATIALIZED,Replace with official station/grid observations before ML validation
2025-10-01,2025,10,October,52,KMC Ward 52,22.626415,88.31327,195.9,15,55.2,High,ward_representative_point,SYNTHETIC_MVP_SPATIALIZED,Replace with official station/grid observations before ML validation
2025-11-01,2025,11,November,52,KMC Ward 52,22.626415,88.31327,42.1,1,18.2,Low,ward_representative_point,SYNTHETIC_MVP_SPATIALIZED,Replace with official station/grid observations before ML validation
2025-12-01,2025,12,December,52,KMC Ward 52,22.626415,88.31327,11.5,0,3,Very Low,ward_representative_point,SYNTHETIC_MVP_SPATIALIZED,Replace with official station/grid observations before ML validation
2026-01-01,2026,1,January,52,KMC Ward 52,22.626415,88.31327,12.2,0,3.2,Very Low,ward_representative_point,SYNTHETIC_MVP_SPATIALIZED,Replace with official station/grid observations before ML validation
2026-02-01,2026,2,February,52,KMC Ward 52,22.626415,88.31327,17.8,2,4.4,Very Low,ward_representative_point,SYNTHETIC_MVP_SPATIALIZED,Replace with official station/grid observations before ML validation
2026-03-01,2026,3,March,52,KMC Ward 52,22.626415,88.31327,45.8,5,10.3,Low,ward_representative_point,SYNTHETIC_MVP_SPATIALIZED,Replace with official station/grid observations before ML validation
2026-04-01,2026,4,April,52,KMC Ward 52,22.626415,88.31327,72,3,32,Moderate,ward_representative_point,SYNTHETIC_MVP_SPATIALIZED,Replace with official station/grid observations before ML validation
2026-05-01,2026,5,May,52,KMC Ward 52,22.626415,88.31327,86.6,6,37.3,Moderate,ward_representative_point,SYNTHETIC_MVP_SPATIALIZED,Replace with official station/grid observations before ML validation
2026-06-01,2026,6,June,52,KMC Ward 52,22.626415,88.31327,257.6,25,92.3,High,ward_representative_point,SYNTHETIC_MVP_SPATIALIZED,Replace with official station/grid observations before ML validation
2026-07-01,2026,7,July,52,KMC Ward 52,22.626415,88.31327,393.3,31,138.9,Very High,ward_representative_point,SYNTHETIC_MVP_SPATIALIZED,Replace with official station/grid observations before ML validation
2026-08-01,2026,8,August,52,KMC Ward 52,22.626415,88.31327,256.4,23,80.3,High,ward_representative_point,SYNTHETIC_MVP_SPATIALIZED,Replace with official station/grid observations before ML validation
2025-09-01,2025,9,September,53,KMC Ward 53,22.640344,88.296894,271.7,20,82.2,High,ward_representative_point,SYNTHETIC_MVP_SPATIALIZED,Replace with official station/grid observations before ML validation
2025-10-01,2025,10,October,53,KMC Ward 53,22.640344,88.296894,148.5,13,35,Moderate,ward_representative_point,SYNTHETIC_MVP_SPATIALIZED,Replace with official station/grid observations before ML validation
2025-11-01,2025,11,November,53,KMC Ward 53,22.640344,88.296894,54.1,10,22.6,Moderate,ward_representative_point,SYNTHETIC_MVP_SPATIALIZED,Replace with official station/grid observations before ML validation
2025-12-01,2025,12,December,53,KMC Ward 53,22.640344,88.296894,12.1,2,5.2,Very Low,ward_representative_point,SYNTHETIC_MVP_SPATIALIZED,Replace with official station/grid observations before ML validation
2026-01-01,2026,1,January,53,KMC Ward 53,22.640344,88.296894,12.6,0,4.4,Very Low,ward_representative_point,SYNTHETIC_MVP_SPATIALIZED,Replace with official station/grid observations before ML validation
2026-02-01,2026,2,February,53,KMC Ward 53,22.640344,88.296894,25.9,5,5.9,Low,ward_representative_point,SYNTHETIC_MVP_SPATIALIZED,Replace with official station/grid observations before ML validation
2026-03-01,2026,3,March,53,KMC Ward 53,22.640344,88.296894,46.1,0,13.5,Low,ward_representative_point,SYNTHETIC_MVP_SPATIALIZED,Replace with official station/grid observations before ML validation
2026-04-01,2026,4,April,53,KMC Ward 53,22.640344,88.296894,60.6,5,25.5,Moderate,ward_representative_point,SYNTHETIC_MVP_SPATIALIZED,Replace with official station/grid observations before ML validation
2026-05-01,2026,5,May,53,KMC Ward 53,22.640344,88.296894,112.1,8,45.7,Moderate,ward_representative_point,SYNTHETIC_MVP_SPATIALIZED,Replace with official station/grid observations before ML validation
2026-06-01,2026,6,June,53,KMC Ward 53,22.640344,88.296894,251.2,21,101.9,High,ward_representative_point,SYNTHETIC_MVP_SPATIALIZED,Replace with official station/grid observations before ML validation
2026-07-01,2026,7,July,53,KMC Ward 53,22.640344,88.296894,318,26,120.7,Very High,ward_representative_point,SYNTHETIC_MVP_SPATIALIZED,Replace with official station/grid observations before ML validation
2026-08-01,2026,8,August,53,KMC Ward 53,22.640344,88.296894,202.3,16,56.1,High,ward_representative_point,SYNTHETIC_MVP_SPATIALIZED,Replace with official station/grid observations before ML validation
2025-09-01,2025,9,September,54,KMC Ward 54,22.594188,88.34022,391.9,29,114.9,Very High,ward_representative_point,SYNTHETIC_MVP_SPATIALIZED,Replace with official station/grid observations before ML validation
2025-10-01,2025,10,October,54,KMC Ward 54,22.594188,88.34022,196,11,81.2,High,ward_representative_point,SYNTHETIC_MVP_SPATIALIZED,Replace with official station/grid observations before ML validation
2025-11-01,2025,11,November,54,KMC Ward 54,22.594188,88.34022,35.5,1,15.2,Low,ward_representative_point,SYNTHETIC_MVP_SPATIALIZED,Replace with official station/grid observations before ML validation
2025-12-01,2025,12,December,54,KMC Ward 54,22.594188,88.34022,15.5,3,4.6,Very Low,ward_representative_point,SYNTHETIC_MVP_SPATIALIZED,Replace with official station/grid observations before ML validation
2026-01-01,2026,1,January,54,KMC Ward 54,22.594188,88.34022,11.3,2,2.9,Very Low,ward_representative_point,SYNTHETIC_MVP_SPATIALIZED,Replace with official station/grid observations before ML validation
2026-02-01,2026,2,February,54,KMC Ward 54,22.594188,88.34022,17.9,2,7,Very Low,ward_representative_point,SYNTHETIC_MVP_SPATIALIZED,Replace with official station/grid observations before ML validation
2026-03-01,2026,3,March,54,KMC Ward 54,22.594188,88.34022,37.9,5,12.2,Low,ward_representative_point,SYNTHETIC_MVP_SPATIALIZED,Replace with official station/grid observations before ML validation
2026-04-01,2026,4,April,54,KMC Ward 54,22.594188,88.34022,85.7,2,27.9,Moderate,ward_representative_point,SYNTHETIC_MVP_SPATIALIZED,Replace with official station/grid observations before ML validation
2026-05-01,2026,5,May,54,KMC Ward 54,22.594188,88.34022,131.1,11,51.2,Moderate,ward_representative_point,SYNTHETIC_MVP_SPATIALIZED,Replace with official station/grid observations before ML validation
2026-06-01,2026,6,June,54,KMC Ward 54,22.594188,88.34022,257.3,20,59.8,High,ward_representative_point,SYNTHETIC_MVP_SPATIALIZED,Replace with official station/grid observations before ML validation
2026-07-01,2026,7,July,54,KMC Ward 54,22.594188,88.34022,378.8,30,129.5,Very High,ward_representative_point,SYNTHETIC_MVP_SPATIALIZED,Replace with official station/grid observations before ML validation
2026-08-01,2026,8,August,54,KMC Ward 54,22.594188,88.34022,260.6,21,55.6,High,ward_representative_point,SYNTHETIC_MVP_SPATIALIZED,Replace with official station/grid observations before ML validation
2025-09-01,2025,9,September,55,KMC Ward 55,22.608057,88.32412,242.2,21,99.9,High,ward_representative_point,SYNTHETIC_MVP_SPATIALIZED,Replace with official station/grid observations before ML validation
2025-10-01,2025,10,October,55,KMC Ward 55,22.608057,88.32412,140.1,14,49.3,Moderate,ward_representative_point,SYNTHETIC_MVP_SPATIALIZED,Replace with official station/grid observations before ML validation
2025-11-01,2025,11,November,55,KMC Ward 55,22.608057,88.32412,40.8,3,13,Low,ward_representative_point,SYNTHETIC_MVP_SPATIALIZED,Replace with official station/grid observations before ML validation
2025-12-01,2025,12,December,55,KMC Ward 55,22.608057,88.32412,11.1,0,3.9,Very Low,ward_representative_point,SYNTHETIC_MVP_SPATIALIZED,Replace with official station/grid observations before ML validation
2026-01-01,2026,1,January,55,KMC Ward 55,22.608057,88.32412,11.2,1,4.9,Very Low,ward_representative_point,SYNTHETIC_MVP_SPATIALIZED,Replace with official station/grid observations before ML validation
2026-02-01,2026,2,February,55,KMC Ward 55,22.608057,88.32412,22.3,2,4.5,Low,ward_representative_point,SYNTHETIC_MVP_SPATIALIZED,Replace with official station/grid observations before ML validation
2026-03-01,2026,3,March,55,KMC Ward 55,22.608057,88.32412,30.4,5,8,Low,ward_representative_point,SYNTHETIC_MVP_SPATIALIZED,Replace with official station/grid observations before ML validation
2026-04-01,2026,4,April,55,KMC Ward 55,22.608057,88.32412,63.7,2,25.1,Moderate,ward_representative_point,SYNTHETIC_MVP_SPATIALIZED,Replace with official station/grid observations before ML validation
2026-05-01,2026,5,May,55,KMC Ward 55,22.608057,88.32412,100.4,11,42.7,Moderate,ward_representative_point,SYNTHETIC_MVP_SPATIALIZED,Replace with official station/grid observations before ML validation
2026-06-01,2026,6,June,55,KMC Ward 55,22.608057,88.32412,257.5,21,89,High,ward_representative_point,SYNTHETIC_MVP_SPATIALIZED,Replace with official station/grid observations before ML validation
2026-07-01,2026,7,July,55,KMC Ward 55,22.608057,88.32412,380.7,31,134.6,Very High,ward_representative_point,SYNTHETIC_MVP_SPATIALIZED,Replace with official station/grid observations before ML validation
2026-08-01,2026,8,August,55,KMC Ward 55,22.608057,88.32412,342.6,30,148.3,Very High,ward_representative_point,SYNTHETIC_MVP_SPATIALIZED,Replace with official station/grid observations before ML validation
2025-09-01,2025,9,September,56,KMC Ward 56,22.615108,88.294543,280.9,23,79,High,ward_representative_point,SYNTHETIC_MVP_SPATIALIZED,Replace with official station/grid observations before ML validation
2025-10-01,2025,10,October,56,KMC Ward 56,22.615108,88.294543,142.2,12,34.9,Moderate,ward_representative_point,SYNTHETIC_MVP_SPATIALIZED,Replace with official station/grid observations before ML validation
2025-11-01,2025,11,November,56,KMC Ward 56,22.615108,88.294543,24.7,4,6.7,Low,ward_representative_point,SYNTHETIC_MVP_SPATIALIZED,Replace with official station/grid observations before ML validation
2025-12-01,2025,12,December,56,KMC Ward 56,22.615108,88.294543,8.7,1,2.7,Very Low,ward_representative_point,SYNTHETIC_MVP_SPATIALIZED,Replace with official station/grid observations before ML validation
2026-01-01,2026,1,January,56,KMC Ward 56,22.615108,88.294543,12,2,4.9,Very Low,ward_representative_point,SYNTHETIC_MVP_SPATIALIZED,Replace with official station/grid observations before ML validation
2026-02-01,2026,2,February,56,KMC Ward 56,22.615108,88.294543,15.8,2,3.9,Very Low,ward_representative_point,SYNTHETIC_MVP_SPATIALIZED,Replace with official station/grid observations before ML validation
2026-03-01,2026,3,March,56,KMC Ward 56,22.615108,88.294543,24.3,0,7.4,Low,ward_representative_point,SYNTHETIC_MVP_SPATIALIZED,Replace with official station/grid observations before ML validation
2026-04-01,2026,4,April,56,KMC Ward 56,22.615108,88.294543,42.8,2,17.4,Low,ward_representative_point,SYNTHETIC_MVP_SPATIALIZED,Replace with official station/grid observations before ML validation
2026-05-01,2026,5,May,56,KMC Ward 56,22.615108,88.294543,139.5,9,37.6,Moderate,ward_representative_point,SYNTHETIC_MVP_SPATIALIZED,Replace with official station/grid observations before ML validation
2026-06-01,2026,6,June,56,KMC Ward 56,22.615108,88.294543,327.3,28,79.5,Very High,ward_representative_point,SYNTHETIC_MVP_SPATIALIZED,Replace with official station/grid observations before ML validation
2026-07-01,2026,7,July,56,KMC Ward 56,22.615108,88.294543,353.7,30,112.5,Very High,ward_representative_point,SYNTHETIC_MVP_SPATIALIZED,Replace with official station/grid observations before ML validation
2026-08-01,2026,8,August,56,KMC Ward 56,22.615108,88.294543,236.6,21,59.4,High,ward_representative_point,SYNTHETIC_MVP_SPATIALIZED,Replace with official station/grid observations before ML validation
2025-09-01,2025,9,September,57,KMC Ward 57,22.627328,88.279134,255.5,20,75.3,High,ward_representative_point,SYNTHETIC_MVP_SPATIALIZED,Replace with official station/grid observations before ML validation
2025-10-01,2025,10,October,57,KMC Ward 57,22.627328,88.279134,193.1,19,57.2,High,ward_representative_point,SYNTHETIC_MVP_SPATIALIZED,Replace with official station/grid observations before ML validation
2025-11-01,2025,11,November,57,KMC Ward 57,22.627328,88.279134,40.2,0,13.3,Low,ward_representative_point,SYNTHETIC_MVP_SPATIALIZED,Replace with official station/grid observations before ML validation
2025-12-01,2025,12,December,57,KMC Ward 57,22.627328,88.279134,16.5,1,6.1,Very Low,ward_representative_point,SYNTHETIC_MVP_SPATIALIZED,Replace with official station/grid observations before ML validation
2026-01-01,2026,1,January,57,KMC Ward 57,22.627328,88.279134,12.5,3,4.5,Very Low,ward_representative_point,SYNTHETIC_MVP_SPATIALIZED,Replace with official station/grid observations before ML validation
2026-02-01,2026,2,February,57,KMC Ward 57,22.627328,88.279134,18.9,0,4.3,Very Low,ward_representative_point,SYNTHETIC_MVP_SPATIALIZED,Replace with official station/grid observations before ML validation
2026-03-01,2026,3,March,57,KMC Ward 57,22.627328,88.279134,34.9,4,8.2,Low,ward_representative_point,SYNTHETIC_MVP_SPATIALIZED,Replace with official station/grid observations before ML validation
2026-04-01,2026,4,April,57,KMC Ward 57,22.627328,88.279134,85,4,32.7,Moderate,ward_representative_point,SYNTHETIC_MVP_SPATIALIZED,Replace with official station/grid observations before ML validation
2026-05-01,2026,5,May,57,KMC Ward 57,22.627328,88.279134,148.9,17,39.5,Moderate,ward_representative_point,SYNTHETIC_MVP_SPATIALIZED,Replace with official station/grid observations before ML validation
2026-06-01,2026,6,June,57,KMC Ward 57,22.627328,88.279134,269.6,24,94.1,High,ward_representative_point,SYNTHETIC_MVP_SPATIALIZED,Replace with official station/grid observations before ML validation
2026-07-01,2026,7,July,57,KMC Ward 57,22.627328,88.279134,289.4,24,124.7,High,ward_representative_point,SYNTHETIC_MVP_SPATIALIZED,Replace with official station/grid observations before ML validation
2026-08-01,2026,8,August,57,KMC Ward 57,22.627328,88.279134,345.9,27,94.4,Very High,ward_representative_point,SYNTHETIC_MVP_SPATIALIZED,Replace with official station/grid observations before ML validation
2025-09-01,2025,9,September,58,KMC Ward 58,22.592104,88.336082,162.9,14,52.1,High,ward_representative_point,SYNTHETIC_MVP_SPATIALIZED,Replace with official station/grid observations before ML validation
2025-10-01,2025,10,October,58,KMC Ward 58,22.592104,88.336082,134.9,10,49.6,Moderate,ward_representative_point,SYNTHETIC_MVP_SPATIALIZED,Replace with official station/grid observations before ML validation
2025-11-01,2025,11,November,58,KMC Ward 58,22.592104,88.336082,29.9,2,7.8,Low,ward_representative_point,SYNTHETIC_MVP_SPATIALIZED,Replace with official station/grid observations before ML validation
2025-12-01,2025,12,December,58,KMC Ward 58,22.592104,88.336082,11.5,0,3.7,Very Low,ward_representative_point,SYNTHETIC_MVP_SPATIALIZED,Replace with official station/grid observations before ML validation
2026-01-01,2026,1,January,58,KMC Ward 58,22.592104,88.336082,10,3,4.1,Very Low,ward_representative_point,SYNTHETIC_MVP_SPATIALIZED,Replace with official station/grid observations before ML validation
2026-02-01,2026,2,February,58,KMC Ward 58,22.592104,88.336082,19.1,2,5.3,Very Low,ward_representative_point,SYNTHETIC_MVP_SPATIALIZED,Replace with official station/grid observations before ML validation
2026-03-01,2026,3,March,58,KMC Ward 58,22.592104,88.336082,27.8,4,5.7,Low,ward_representative_point,SYNTHETIC_MVP_SPATIALIZED,Replace with official station/grid observations before ML validation
2026-04-01,2026,4,April,58,KMC Ward 58,22.592104,88.336082,81.5,4,21.9,Moderate,ward_representative_point,SYNTHETIC_MVP_SPATIALIZED,Replace with official station/grid observations before ML validation
2026-05-01,2026,5,May,58,KMC Ward 58,22.592104,88.336082,110.8,8,31.5,Moderate,ward_representative_point,SYNTHETIC_MVP_SPATIALIZED,Replace with official station/grid observations before ML validation
2026-06-01,2026,6,June,58,KMC Ward 58,22.592104,88.336082,252.9,21,67.9,High,ward_representative_point,SYNTHETIC_MVP_SPATIALIZED,Replace with official station/grid observations before ML validation
2026-07-01,2026,7,July,58,KMC Ward 58,22.592104,88.336082,401.5,31,164.9,Very High,ward_representative_point,SYNTHETIC_MVP_SPATIALIZED,Replace with official station/grid observations before ML validation
2026-08-01,2026,8,August,58,KMC Ward 58,22.592104,88.336082,309.4,24,89,Very High,ward_representative_point,SYNTHETIC_MVP_SPATIALIZED,Replace with official station/grid observations before ML validation
2025-09-01,2025,9,September,59,KMC Ward 59,22.598066,88.313063,236.4,17,79.5,High,ward_representative_point,SYNTHETIC_MVP_SPATIALIZED,Replace with official station/grid observations before ML validation
2025-10-01,2025,10,October,59,KMC Ward 59,22.598066,88.313063,109.9,10,28.2,Moderate,ward_representative_point,SYNTHETIC_MVP_SPATIALIZED,Replace with official station/grid observations before ML validation
2025-11-01,2025,11,November,59,KMC Ward 59,22.598066,88.313063,18.8,1,3.9,Very Low,ward_representative_point,SYNTHETIC_MVP_SPATIALIZED,Replace with official station/grid observations before ML validation
2025-12-01,2025,12,December,59,KMC Ward 59,22.598066,88.313063,11.4,2,2.8,Very Low,ward_representative_point,SYNTHETIC_MVP_SPATIALIZED,Replace with official station/grid observations before ML validation
2026-01-01,2026,1,January,59,KMC Ward 59,22.598066,88.313063,8.5,4,2.5,Very Low,ward_representative_point,SYNTHETIC_MVP_SPATIALIZED,Replace with official station/grid observations before ML validation
2026-02-01,2026,2,February,59,KMC Ward 59,22.598066,88.313063,20.1,1,8.8,Low,ward_representative_point,SYNTHETIC_MVP_SPATIALIZED,Replace with official station/grid observations before ML validation
2026-03-01,2026,3,March,59,KMC Ward 59,22.598066,88.313063,33.1,4,9.3,Low,ward_representative_point,SYNTHETIC_MVP_SPATIALIZED,Replace with official station/grid observations before ML validation
2026-04-01,2026,4,April,59,KMC Ward 59,22.598066,88.313063,46,3,11.9,Low,ward_representative_point,SYNTHETIC_MVP_SPATIALIZED,Replace with official station/grid observations before ML validation
2026-05-01,2026,5,May,59,KMC Ward 59,22.598066,88.313063,120.1,12,45,Moderate,ward_representative_point,SYNTHETIC_MVP_SPATIALIZED,Replace with official station/grid observations before ML validation
2026-06-01,2026,6,June,59,KMC Ward 59,22.598066,88.313063,224.5,18,79.7,High,ward_representative_point,SYNTHETIC_MVP_SPATIALIZED,Replace with official station/grid observations before ML validation
2026-07-01,2026,7,July,59,KMC Ward 59,22.598066,88.313063,367.4,31,143.3,Very High,ward_representative_point,SYNTHETIC_MVP_SPATIALIZED,Replace with official station/grid observations before ML validation
2026-08-01,2026,8,August,59,KMC Ward 59,22.598066,88.313063,244,22,77.5,High,ward_representative_point,SYNTHETIC_MVP_SPATIALIZED,Replace with official station/grid observations before ML validation
2025-09-01,2025,9,September,60,KMC Ward 60,22.611844,88.290863,192.6,17,70.2,High,ward_representative_point,SYNTHETIC_MVP_SPATIALIZED,Replace with official station/grid observations before ML validation
2025-10-01,2025,10,October,60,KMC Ward 60,22.611844,88.290863,128.4,11,30.9,Moderate,ward_representative_point,SYNTHETIC_MVP_SPATIALIZED,Replace with official station/grid observations before ML validation
2025-11-01,2025,11,November,60,KMC Ward 60,22.611844,88.290863,28.8,2,8.9,Low,ward_representative_point,SYNTHETIC_MVP_SPATIALIZED,Replace with official station/grid observations before ML validation
2025-12-01,2025,12,December,60,KMC Ward 60,22.611844,88.290863,15,6,3.9,Very Low,ward_representative_point,SYNTHETIC_MVP_SPATIALIZED,Replace with official station/grid observations before ML validation
2026-01-01,2026,1,January,60,KMC Ward 60,22.611844,88.290863,10.4,2,2.5,Very Low,ward_representative_point,SYNTHETIC_MVP_SPATIALIZED,Replace with official station/grid observations before ML validation
2026-02-01,2026,2,February,60,KMC Ward 60,22.611844,88.290863,22.7,0,7.8,Low,ward_representative_point,SYNTHETIC_MVP_SPATIALIZED,Replace with official station/grid observations before ML validation
2026-03-01,2026,3,March,60,KMC Ward 60,22.611844,88.290863,25.1,0,10.4,Low,ward_representative_point,SYNTHETIC_MVP_SPATIALIZED,Replace with official station/grid observations before ML validation
2026-04-01,2026,4,April,60,KMC Ward 60,22.611844,88.290863,63.4,8,23.8,Moderate,ward_representative_point,SYNTHETIC_MVP_SPATIALIZED,Replace with official station/grid observations before ML validation
2026-05-01,2026,5,May,60,KMC Ward 60,22.611844,88.290863,128.1,10,47.5,Moderate,ward_representative_point,SYNTHETIC_MVP_SPATIALIZED,Replace with official station/grid observations before ML validation
2026-06-01,2026,6,June,60,KMC Ward 60,22.611844,88.290863,151,12,45.2,High,ward_representative_point,SYNTHETIC_MVP_SPATIALIZED,Replace with official station/grid observations before ML validation
2026-07-01,2026,7,July,60,KMC Ward 60,22.611844,88.290863,323.2,25,105.6,Very High,ward_representative_point,SYNTHETIC_MVP_SPATIALIZED,Replace with official station/grid observations before ML validation
2026-08-01,2026,8,August,60,KMC Ward 60,22.611844,88.290863,297.8,25,81.3,High,ward_representative_point,SYNTHETIC_MVP_SPATIALIZED,Replace with official station/grid observations before ML validation
2025-09-01,2025,9,September,61,KMC Ward 61,22.584315,88.3435,317.2,26,137.3,Very High,ward_representative_point,SYNTHETIC_MVP_SPATIALIZED,Replace with official station/grid observations before ML validation
2025-10-01,2025,10,October,61,KMC Ward 61,22.584315,88.3435,138.3,13,54.4,Moderate,ward_representative_point,SYNTHETIC_MVP_SPATIALIZED,Replace with official station/grid observations before ML validation
2025-11-01,2025,11,November,61,KMC Ward 61,22.584315,88.3435,40.4,4,11.1,Low,ward_representative_point,SYNTHETIC_MVP_SPATIALIZED,Replace with official station/grid observations before ML validation
2025-12-01,2025,12,December,61,KMC Ward 61,22.584315,88.3435,14.4,0,3.2,Very Low,ward_representative_point,SYNTHETIC_MVP_SPATIALIZED,Replace with official station/grid observations before ML validation
2026-01-01,2026,1,January,61,KMC Ward 61,22.584315,88.3435,7,0,3,Very Low,ward_representative_point,SYNTHETIC_MVP_SPATIALIZED,Replace with official station/grid observations before ML validation
2026-02-01,2026,2,February,61,KMC Ward 61,22.584315,88.3435,30.9,0,6.3,Low,ward_representative_point,SYNTHETIC_MVP_SPATIALIZED,Replace with official station/grid observations before ML validation
2026-03-01,2026,3,March,61,KMC Ward 61,22.584315,88.3435,43.3,7,11.8,Low,ward_representative_point,SYNTHETIC_MVP_SPATIALIZED,Replace with official station/grid observations before ML validation
2026-04-01,2026,4,April,61,KMC Ward 61,22.584315,88.3435,85.3,12,29.9,Moderate,ward_representative_point,SYNTHETIC_MVP_SPATIALIZED,Replace with official station/grid observations before ML validation
2026-05-01,2026,5,May,61,KMC Ward 61,22.584315,88.3435,126,10,42.9,Moderate,ward_representative_point,SYNTHETIC_MVP_SPATIALIZED,Replace with official station/grid observations before ML validation
2026-06-01,2026,6,June,61,KMC Ward 61,22.584315,88.3435,276.3,22,76.1,High,ward_representative_point,SYNTHETIC_MVP_SPATIALIZED,Replace with official station/grid observations before ML validation
2026-07-01,2026,7,July,61,KMC Ward 61,22.584315,88.3435,359.2,29,108.4,Very High,ward_representative_point,SYNTHETIC_MVP_SPATIALIZED,Replace with official station/grid observations before ML validation
2026-08-01,2026,8,August,61,KMC Ward 61,22.584315,88.3435,300.6,23,77.7,Very High,ward_representative_point,SYNTHETIC_MVP_SPATIALIZED,Replace with official station/grid observations before ML validation
2025-09-01,2025,9,September,62,KMC Ward 62,22.586313,88.3268,294.1,26,126.2,High,ward_representative_point,SYNTHETIC_MVP_SPATIALIZED,Replace with official station/grid observations before ML validation
2025-10-01,2025,10,October,62,KMC Ward 62,22.586313,88.3268,149.8,11,35.8,Moderate,ward_representative_point,SYNTHETIC_MVP_SPATIALIZED,Replace with official station/grid observations before ML validation
2025-11-01,2025,11,November,62,KMC Ward 62,22.586313,88.3268,25.7,2,9.5,Low,ward_representative_point,SYNTHETIC_MVP_SPATIALIZED,Replace with official station/grid observations before ML validation
2025-12-01,2025,12,December,62,KMC Ward 62,22.586313,88.3268,7.9,2,3,Very Low,ward_representative_point,SYNTHETIC_MVP_SPATIALIZED,Replace with official station/grid observations before ML validation
2026-01-01,2026,1,January,62,KMC Ward 62,22.586313,88.3268,8.2,0,2.8,Very Low,ward_representative_point,SYNTHETIC_MVP_SPATIALIZED,Replace with official station/grid observations before ML validation
2026-02-01,2026,2,February,62,KMC Ward 62,22.586313,88.3268,18.1,4,5,Very Low,ward_representative_point,SYNTHETIC_MVP_SPATIALIZED,Replace with official station/grid observations before ML validation
2026-03-01,2026,3,March,62,KMC Ward 62,22.586313,88.3268,27.7,1,5.9,Low,ward_representative_point,SYNTHETIC_MVP_SPATIALIZED,Replace with official station/grid observations before ML validation
2026-04-01,2026,4,April,62,KMC Ward 62,22.586313,88.3268,55.1,2,16.5,Moderate,ward_representative_point,SYNTHETIC_MVP_SPATIALIZED,Replace with official station/grid observations before ML validation
2026-05-01,2026,5,May,62,KMC Ward 62,22.586313,88.3268,118.4,12,45.7,Moderate,ward_representative_point,SYNTHETIC_MVP_SPATIALIZED,Replace with official station/grid observations before ML validation
2026-06-01,2026,6,June,62,KMC Ward 62,22.586313,88.3268,189.9,18,58.3,High,ward_representative_point,SYNTHETIC_MVP_SPATIALIZED,Replace with official station/grid observations before ML validation
2026-07-01,2026,7,July,62,KMC Ward 62,22.586313,88.3268,440.2,31,120.8,Very High,ward_representative_point,SYNTHETIC_MVP_SPATIALIZED,Replace with official station/grid observations before ML validation
2026-08-01,2026,8,August,62,KMC Ward 62,22.586313,88.3268,336.2,31,82.5,Very High,ward_representative_point,SYNTHETIC_MVP_SPATIALIZED,Replace with official station/grid observations before ML validation
2025-09-01,2025,9,September,63,KMC Ward 63,22.596274,88.305908,222.1,21,71.8,High,ward_representative_point,SYNTHETIC_MVP_SPATIALIZED,Replace with official station/grid observations before ML validation
2025-10-01,2025,10,October,63,KMC Ward 63,22.596274,88.305908,108.9,10,32.7,Moderate,ward_representative_point,SYNTHETIC_MVP_SPATIALIZED,Replace with official station/grid observations before ML validation
2025-11-01,2025,11,November,63,KMC Ward 63,22.596274,88.305908,31.3,3,9.9,Low,ward_representative_point,SYNTHETIC_MVP_SPATIALIZED,Replace with official station/grid observations before ML validation
2025-12-01,2025,12,December,63,KMC Ward 63,22.596274,88.305908,12.6,0,4.4,Very Low,ward_representative_point,SYNTHETIC_MVP_SPATIALIZED,Replace with official station/grid observations before ML validation
2026-01-01,2026,1,January,63,KMC Ward 63,22.596274,88.305908,10.4,1,3.5,Very Low,ward_representative_point,SYNTHETIC_MVP_SPATIALIZED,Replace with official station/grid observations before ML validation
2026-02-01,2026,2,February,63,KMC Ward 63,22.596274,88.305908,24.2,3,7.3,Low,ward_representative_point,SYNTHETIC_MVP_SPATIALIZED,Replace with official station/grid observations before ML validation
2026-03-01,2026,3,March,63,KMC Ward 63,22.596274,88.305908,44.2,7,15.5,Low,ward_representative_point,SYNTHETIC_MVP_SPATIALIZED,Replace with official station/grid observations before ML validation
2026-04-01,2026,4,April,63,KMC Ward 63,22.596274,88.305908,43.9,2,14.2,Low,ward_representative_point,SYNTHETIC_MVP_SPATIALIZED,Replace with official station/grid observations before ML validation
2026-05-01,2026,5,May,63,KMC Ward 63,22.596274,88.305908,127.4,8,39.8,Moderate,ward_representative_point,SYNTHETIC_MVP_SPATIALIZED,Replace with official station/grid observations before ML validation
2026-06-01,2026,6,June,63,KMC Ward 63,22.596274,88.305908,225.1,20,76.2,High,ward_representative_point,SYNTHETIC_MVP_SPATIALIZED,Replace with official station/grid observations before ML validation
2026-07-01,2026,7,July,63,KMC Ward 63,22.596274,88.305908,350.9,30,99.4,Very High,ward_representative_point,SYNTHETIC_MVP_SPATIALIZED,Replace with official station/grid observations before ML validation
2026-08-01,2026,8,August,63,KMC Ward 63,22.596274,88.305908,147.6,12,40.5,Moderate,ward_representative_point,SYNTHETIC_MVP_SPATIALIZED,Replace with official station/grid observations before ML validation
2025-09-01,2025,9,September,64,KMC Ward 64,22.598823,88.284034,250.5,22,66.1,High,ward_representative_point,SYNTHETIC_MVP_SPATIALIZED,Replace with official station/grid observations before ML validation
2025-10-01,2025,10,October,64,KMC Ward 64,22.598823,88.284034,139.7,11,45.8,Moderate,ward_representative_point,SYNTHETIC_MVP_SPATIALIZED,Replace with official station/grid observations before ML validation
2025-11-01,2025,11,November,64,KMC Ward 64,22.598823,88.284034,23,3,10.1,Low,ward_representative_point,SYNTHETIC_MVP_SPATIALIZED,Replace with official station/grid observations before ML validation
2025-12-01,2025,12,December,64,KMC Ward 64,22.598823,88.284034,11.8,0,4.1,Very Low,ward_representative_point,SYNTHETIC_MVP_SPATIALIZED,Replace with official station/grid observations before ML validation
2026-01-01,2026,1,January,64,KMC Ward 64,22.598823,88.284034,11,0,2.6,Very Low,ward_representative_point,SYNTHETIC_MVP_SPATIALIZED,Replace with official station/grid observations before ML validation
2026-02-01,2026,2,February,64,KMC Ward 64,22.598823,88.284034,17.3,2,5.8,Very Low,ward_representative_point,SYNTHETIC_MVP_SPATIALIZED,Replace with official station/grid observations before ML validation
2026-03-01,2026,3,March,64,KMC Ward 64,22.598823,88.284034,30.8,0,12.2,Low,ward_representative_point,SYNTHETIC_MVP_SPATIALIZED,Replace with official station/grid observations before ML validation
2026-04-01,2026,4,April,64,KMC Ward 64,22.598823,88.284034,56.3,6,12.4,Moderate,ward_representative_point,SYNTHETIC_MVP_SPATIALIZED,Replace with official station/grid observations before ML validation
2026-05-01,2026,5,May,64,KMC Ward 64,22.598823,88.284034,135.7,13,55.9,Moderate,ward_representative_point,SYNTHETIC_MVP_SPATIALIZED,Replace with official station/grid observations before ML validation
2026-06-01,2026,6,June,64,KMC Ward 64,22.598823,88.284034,255.1,22,87.4,High,ward_representative_point,SYNTHETIC_MVP_SPATIALIZED,Replace with official station/grid observations before ML validation
2026-07-01,2026,7,July,64,KMC Ward 64,22.598823,88.284034,415.1,31,90.2,Very High,ward_representative_point,SYNTHETIC_MVP_SPATIALIZED,Replace with official station/grid observations before ML validation
2026-08-01,2026,8,August,64,KMC Ward 64,22.598823,88.284034,175.6,14,37,High,ward_representative_point,SYNTHETIC_MVP_SPATIALIZED,Replace with official station/grid observations before ML validation
2025-09-01,2025,9,September,65,KMC Ward 65,22.578119,88.336158,132.4,11,54,Moderate,ward_representative_point,SYNTHETIC_MVP_SPATIALIZED,Replace with official station/grid observations before ML validation
2025-10-01,2025,10,October,65,KMC Ward 65,22.578119,88.336158,125.1,11,35.8,Moderate,ward_representative_point,SYNTHETIC_MVP_SPATIALIZED,Replace with official station/grid observations before ML validation
2025-11-01,2025,11,November,65,KMC Ward 65,22.578119,88.336158,28,4,11.3,Low,ward_representative_point,SYNTHETIC_MVP_SPATIALIZED,Replace with official station/grid observations before ML validation
2025-12-01,2025,12,December,65,KMC Ward 65,22.578119,88.336158,13.6,6,2.7,Very Low,ward_representative_point,SYNTHETIC_MVP_SPATIALIZED,Replace with official station/grid observations before ML validation
2026-01-01,2026,1,January,65,KMC Ward 65,22.578119,88.336158,9.6,1,3.4,Very Low,ward_representative_point,SYNTHETIC_MVP_SPATIALIZED,Replace with official station/grid observations before ML validation
2026-02-01,2026,2,February,65,KMC Ward 65,22.578119,88.336158,16.9,4,3.7,Very Low,ward_representative_point,SYNTHETIC_MVP_SPATIALIZED,Replace with official station/grid observations before ML validation
2026-03-01,2026,3,March,65,KMC Ward 65,22.578119,88.336158,27.8,1,10,Low,ward_representative_point,SYNTHETIC_MVP_SPATIALIZED,Replace with official station/grid observations before ML validation
2026-04-01,2026,4,April,65,KMC Ward 65,22.578119,88.336158,69.2,7,21,Moderate,ward_representative_point,SYNTHETIC_MVP_SPATIALIZED,Replace with official station/grid observations before ML validation
2026-05-01,2026,5,May,65,KMC Ward 65,22.578119,88.336158,116.1,11,47,Moderate,ward_representative_point,SYNTHETIC_MVP_SPATIALIZED,Replace with official station/grid observations before ML validation
2026-06-01,2026,6,June,65,KMC Ward 65,22.578119,88.336158,226.1,17,53,High,ward_representative_point,SYNTHETIC_MVP_SPATIALIZED,Replace with official station/grid observations before ML validation
2026-07-01,2026,7,July,65,KMC Ward 65,22.578119,88.336158,319.3,24,89.9,Very High,ward_representative_point,SYNTHETIC_MVP_SPATIALIZED,Replace with official station/grid observations before ML validation
2026-08-01,2026,8,August,65,KMC Ward 65,22.578119,88.336158,324.7,30,136.3,Very High,ward_representative_point,SYNTHETIC_MVP_SPATIALIZED,Replace with official station/grid observations before ML validation
2025-09-01,2025,9,September,66,KMC Ward 66,22.576706,88.31362,178.9,17,45.6,High,ward_representative_point,SYNTHETIC_MVP_SPATIALIZED,Replace with official station/grid observations before ML validation
2025-10-01,2025,10,October,66,KMC Ward 66,22.576706,88.31362,177.9,14,63.6,High,ward_representative_point,SYNTHETIC_MVP_SPATIALIZED,Replace with official station/grid observations before ML validation
2025-11-01,2025,11,November,66,KMC Ward 66,22.576706,88.31362,37.5,1,8.3,Low,ward_representative_point,SYNTHETIC_MVP_SPATIALIZED,Replace with official station/grid observations before ML validation
2025-12-01,2025,12,December,66,KMC Ward 66,22.576706,88.31362,16.9,2,5.2,Very Low,ward_representative_point,SYNTHETIC_MVP_SPATIALIZED,Replace with official station/grid observations before ML validation
2026-01-01,2026,1,January,66,KMC Ward 66,22.576706,88.31362,7.2,0,2.2,Very Low,ward_representative_point,SYNTHETIC_MVP_SPATIALIZED,Replace with official station/grid observations before ML validation
2026-02-01,2026,2,February,66,KMC Ward 66,22.576706,88.31362,16.2,0,5.9,Very Low,ward_representative_point,SYNTHETIC_MVP_SPATIALIZED,Replace with official station/grid observations before ML validation
2026-03-01,2026,3,March,66,KMC Ward 66,22.576706,88.31362,37.7,6,16.3,Low,ward_representative_point,SYNTHETIC_MVP_SPATIALIZED,Replace with official station/grid observations before ML validation
2026-04-01,2026,4,April,66,KMC Ward 66,22.576706,88.31362,56.1,5,15.8,Moderate,ward_representative_point,SYNTHETIC_MVP_SPATIALIZED,Replace with official station/grid observations before ML validation
2026-05-01,2026,5,May,66,KMC Ward 66,22.576706,88.31362,146.4,11,65.4,Moderate,ward_representative_point,SYNTHETIC_MVP_SPATIALIZED,Replace with official station/grid observations before ML validation
2026-06-01,2026,6,June,66,KMC Ward 66,22.576706,88.31362,244.9,18,92,High,ward_representative_point,SYNTHETIC_MVP_SPATIALIZED,Replace with official station/grid observations before ML validation
2026-07-01,2026,7,July,66,KMC Ward 66,22.576706,88.31362,395.7,31,124,Very High,ward_representative_point,SYNTHETIC_MVP_SPATIALIZED,Replace with official station/grid observations before ML validation
2026-08-01,2026,8,August,66,KMC Ward 66,22.576706,88.31362,295.3,22,128.1,High,ward_representative_point,SYNTHETIC_MVP_SPATIALIZED,Replace with official station/grid observations before ML validation
2025-09-01,2025,9,September,67,KMC Ward 67,22.587391,88.289714,252.8,26,72.6,High,ward_representative_point,SYNTHETIC_MVP_SPATIALIZED,Replace with official station/grid observations before ML validation
2025-10-01,2025,10,October,67,KMC Ward 67,22.587391,88.289714,171.8,12,53.9,High,ward_representative_point,SYNTHETIC_MVP_SPATIALIZED,Replace with official station/grid observations before ML validation
2025-11-01,2025,11,November,67,KMC Ward 67,22.587391,88.289714,20.3,1,6.3,Low,ward_representative_point,SYNTHETIC_MVP_SPATIALIZED,Replace with official station/grid observations before ML validation
2025-12-01,2025,12,December,67,KMC Ward 67,22.587391,88.289714,11.5,3,2.4,Very Low,ward_representative_point,SYNTHETIC_MVP_SPATIALIZED,Replace with official station/grid observations before ML validation
2026-01-01,2026,1,January,67,KMC Ward 67,22.587391,88.289714,11.7,0,4.8,Very Low,ward_representative_point,SYNTHETIC_MVP_SPATIALIZED,Replace with official station/grid observations before ML validation
2026-02-01,2026,2,February,67,KMC Ward 67,22.587391,88.289714,25.6,1,9.7,Low,ward_representative_point,SYNTHETIC_MVP_SPATIALIZED,Replace with official station/grid observations before ML validation
2026-03-01,2026,3,March,67,KMC Ward 67,22.587391,88.289714,46.1,1,11.2,Low,ward_representative_point,SYNTHETIC_MVP_SPATIALIZED,Replace with official station/grid observations before ML validation
2026-04-01,2026,4,April,67,KMC Ward 67,22.587391,88.289714,58.6,6,20.1,Moderate,ward_representative_point,SYNTHETIC_MVP_SPATIALIZED,Replace with official station/grid observations before ML validation
2026-05-01,2026,5,May,67,KMC Ward 67,22.587391,88.289714,136,11,57.5,Moderate,ward_representative_point,SYNTHETIC_MVP_SPATIALIZED,Replace with official station/grid observations before ML validation
2026-06-01,2026,6,June,67,KMC Ward 67,22.587391,88.289714,319.4,30,72.2,Very High,ward_representative_point,SYNTHETIC_MVP_SPATIALIZED,Replace with official station/grid observations before ML validation
2026-07-01,2026,7,July,67,KMC Ward 67,22.587391,88.289714,433.7,31,118.3,Very High,ward_representative_point,SYNTHETIC_MVP_SPATIALIZED,Replace with official station/grid observations before ML validation
2026-08-01,2026,8,August,67,KMC Ward 67,22.587391,88.289714,256.9,22,70.1,High,ward_representative_point,SYNTHETIC_MVP_SPATIALIZED,Replace with official station/grid observations before ML validation
2025-09-01,2025,9,September,68,KMC Ward 68,22.583941,88.277348,292.4,23,118.9,High,ward_representative_point,SYNTHETIC_MVP_SPATIALIZED,Replace with official station/grid observations before ML validation
2025-10-01,2025,10,October,68,KMC Ward 68,22.583941,88.277348,99.4,6,38.4,Moderate,ward_representative_point,SYNTHETIC_MVP_SPATIALIZED,Replace with official station/grid observations before ML validation
2025-11-01,2025,11,November,68,KMC Ward 68,22.583941,88.277348,37.9,1,10.9,Low,ward_representative_point,SYNTHETIC_MVP_SPATIALIZED,Replace with official station/grid observations before ML validation
2025-12-01,2025,12,December,68,KMC Ward 68,22.583941,88.277348,13.4,5,3.7,Very Low,ward_representative_point,SYNTHETIC_MVP_SPATIALIZED,Replace with official station/grid observations before ML validation
2026-01-01,2026,1,January,68,KMC Ward 68,22.583941,88.277348,12.1,2,4.3,Very Low,ward_representative_point,SYNTHETIC_MVP_SPATIALIZED,Replace with official station/grid observations before ML validation
2026-02-01,2026,2,February,68,KMC Ward 68,22.583941,88.277348,14.4,0,3.8,Very Low,ward_representative_point,SYNTHETIC_MVP_SPATIALIZED,Replace with official station/grid observations before ML validation
2026-03-01,2026,3,March,68,KMC Ward 68,22.583941,88.277348,34,1,11.6,Low,ward_representative_point,SYNTHETIC_MVP_SPATIALIZED,Replace with official station/grid observations before ML validation
2026-04-01,2026,4,April,68,KMC Ward 68,22.583941,88.277348,45.2,4,12.3,Low,ward_representative_point,SYNTHETIC_MVP_SPATIALIZED,Replace with official station/grid observations before ML validation
2026-05-01,2026,5,May,68,KMC Ward 68,22.583941,88.277348,135.3,13,49.7,Moderate,ward_representative_point,SYNTHETIC_MVP_SPATIALIZED,Replace with official station/grid observations before ML validation
2026-06-01,2026,6,June,68,KMC Ward 68,22.583941,88.277348,356,27,96.9,Very High,ward_representative_point,SYNTHETIC_MVP_SPATIALIZED,Replace with official station/grid observations before ML validation
2026-07-01,2026,7,July,68,KMC Ward 68,22.583941,88.277348,313,24,88,Very High,ward_representative_point,SYNTHETIC_MVP_SPATIALIZED,Replace with official station/grid observations before ML validation
2026-08-01,2026,8,August,68,KMC Ward 68,22.583941,88.277348,325.3,29,67.4,Very High,ward_representative_point,SYNTHETIC_MVP_SPATIALIZED,Replace with official station/grid observations before ML validation
2025-09-01,2025,9,September,69,KMC Ward 69,22.578035,88.339517,234.8,16,90.5,High,ward_representative_point,SYNTHETIC_MVP_SPATIALIZED,Replace with official station/grid observations before ML validation
2025-10-01,2025,10,October,69,KMC Ward 69,22.578035,88.339517,128.1,11,48.2,Moderate,ward_representative_point,SYNTHETIC_MVP_SPATIALIZED,Replace with official station/grid observations before ML validation
2025-11-01,2025,11,November,69,KMC Ward 69,22.578035,88.339517,27,2,7.7,Low,ward_representative_point,SYNTHETIC_MVP_SPATIALIZED,Replace with official station/grid observations before ML validation
2025-12-01,2025,12,December,69,KMC Ward 69,22.578035,88.339517,10.1,1,3.1,Very Low,ward_representative_point,SYNTHETIC_MVP_SPATIALIZED,Replace with official station/grid observations before ML validation
2026-01-01,2026,1,January,69,KMC Ward 69,22.578035,88.339517,2.7,0,0.8,Very Low,ward_representative_point,SYNTHETIC_MVP_SPATIALIZED,Replace with official station/grid observations before ML validation
2026-02-01,2026,2,February,69,KMC Ward 69,22.578035,88.339517,25.3,4,5.4,Low,ward_representative_point,SYNTHETIC_MVP_SPATIALIZED,Replace with official station/grid observations before ML validation
2026-03-01,2026,3,March,69,KMC Ward 69,22.578035,88.339517,31.4,4,7.6,Low,ward_representative_point,SYNTHETIC_MVP_SPATIALIZED,Replace with official station/grid observations before ML validation
2026-04-01,2026,4,April,69,KMC Ward 69,22.578035,88.339517,61.6,7,16.6,Moderate,ward_representative_point,SYNTHETIC_MVP_SPATIALIZED,Replace with official station/grid observations before ML validation
2026-05-01,2026,5,May,69,KMC Ward 69,22.578035,88.339517,118.3,12,31.2,Moderate,ward_representative_point,SYNTHETIC_MVP_SPATIALIZED,Replace with official station/grid observations before ML validation
2026-06-01,2026,6,June,69,KMC Ward 69,22.578035,88.339517,285.1,22,80.8,High,ward_representative_point,SYNTHETIC_MVP_SPATIALIZED,Replace with official station/grid observations before ML validation
2026-07-01,2026,7,July,69,KMC Ward 69,22.578035,88.339517,385.4,30,122.7,Very High,ward_representative_point,SYNTHETIC_MVP_SPATIALIZED,Replace with official station/grid observations before ML validation
2026-08-01,2026,8,August,69,KMC Ward 69,22.578035,88.339517,267.4,23,99.5,High,ward_representative_point,SYNTHETIC_MVP_SPATIALIZED,Replace with official station/grid observations before ML validation
2025-09-01,2025,9,September,70,KMC Ward 70,22.572688,88.303902,242.2,22,60.3,High,ward_representative_point,SYNTHETIC_MVP_SPATIALIZED,Replace with official station/grid observations before ML validation
2025-10-01,2025,10,October,70,KMC Ward 70,22.572688,88.303902,161.3,11,66.1,High,ward_representative_point,SYNTHETIC_MVP_SPATIALIZED,Replace with official station/grid observations before ML validation
2025-11-01,2025,11,November,70,KMC Ward 70,22.572688,88.303902,30.4,3,6.8,Low,ward_representative_point,SYNTHETIC_MVP_SPATIALIZED,Replace with official station/grid observations before ML validation
2025-12-01,2025,12,December,70,KMC Ward 70,22.572688,88.303902,7.9,1,1.9,Very Low,ward_representative_point,SYNTHETIC_MVP_SPATIALIZED,Replace with official station/grid observations before ML validation
2026-01-01,2026,1,January,70,KMC Ward 70,22.572688,88.303902,7.4,2,2.3,Very Low,ward_representative_point,SYNTHETIC_MVP_SPATIALIZED,Replace with official station/grid observations before ML validation
2026-02-01,2026,2,February,70,KMC Ward 70,22.572688,88.303902,18.5,0,5.7,Very Low,ward_representative_point,SYNTHETIC_MVP_SPATIALIZED,Replace with official station/grid observations before ML validation
2026-03-01,2026,3,March,70,KMC Ward 70,22.572688,88.303902,30.2,2,7.6,Low,ward_representative_point,SYNTHETIC_MVP_SPATIALIZED,Replace with official station/grid observations before ML validation
2026-04-01,2026,4,April,70,KMC Ward 70,22.572688,88.303902,36.4,4,8.1,Low,ward_representative_point,SYNTHETIC_MVP_SPATIALIZED,Replace with official station/grid observations before ML validation
2026-05-01,2026,5,May,70,KMC Ward 70,22.572688,88.303902,68.6,6,20.8,Moderate,ward_representative_point,SYNTHETIC_MVP_SPATIALIZED,Replace with official station/grid observations before ML validation
2026-06-01,2026,6,June,70,KMC Ward 70,22.572688,88.303902,205.7,15,81.7,High,ward_representative_point,SYNTHETIC_MVP_SPATIALIZED,Replace with official station/grid observations before ML validation
2026-07-01,2026,7,July,70,KMC Ward 70,22.572688,88.303902,407.1,31,115.7,Very High,ward_representative_point,SYNTHETIC_MVP_SPATIALIZED,Replace with official station/grid observations before ML validation
2026-08-01,2026,8,August,70,KMC Ward 70,22.572688,88.303902,330.8,31,137.1,Very High,ward_representative_point,SYNTHETIC_MVP_SPATIALIZED,Replace with official station/grid observations before ML validation
2025-09-01,2025,9,September,71,KMC Ward 71,22.578612,88.284138,172.1,13,60.6,High,ward_representative_point,SYNTHETIC_MVP_SPATIALIZED,Replace with official station/grid observations before ML validation
2025-10-01,2025,10,October,71,KMC Ward 71,22.578612,88.284138,104.8,12,31.6,Moderate,ward_representative_point,SYNTHETIC_MVP_SPATIALIZED,Replace with official station/grid observations before ML validation
2025-11-01,2025,11,November,71,KMC Ward 71,22.578612,88.284138,37.3,4,9.5,Low,ward_representative_point,SYNTHETIC_MVP_SPATIALIZED,Replace with official station/grid observations before ML validation
2025-12-01,2025,12,December,71,KMC Ward 71,22.578612,88.284138,7.6,2,3.4,Very Low,ward_representative_point,SYNTHETIC_MVP_SPATIALIZED,Replace with official station/grid observations before ML validation
2026-01-01,2026,1,January,71,KMC Ward 71,22.578612,88.284138,8.8,3,3.5,Very Low,ward_representative_point,SYNTHETIC_MVP_SPATIALIZED,Replace with official station/grid observations before ML validation
2026-02-01,2026,2,February,71,KMC Ward 71,22.578612,88.284138,17.7,2,4.7,Very Low,ward_representative_point,SYNTHETIC_MVP_SPATIALIZED,Replace with official station/grid observations before ML validation
2026-03-01,2026,3,March,71,KMC Ward 71,22.578612,88.284138,22.4,2,7.3,Low,ward_representative_point,SYNTHETIC_MVP_SPATIALIZED,Replace with official station/grid observations before ML validation
2026-04-01,2026,4,April,71,KMC Ward 71,22.578612,88.284138,36.5,0,10.8,Low,ward_representative_point,SYNTHETIC_MVP_SPATIALIZED,Replace with official station/grid observations before ML validation
2026-05-01,2026,5,May,71,KMC Ward 71,22.578612,88.284138,64.1,3,24.4,Moderate,ward_representative_point,SYNTHETIC_MVP_SPATIALIZED,Replace with official station/grid observations before ML validation
2026-06-01,2026,6,June,71,KMC Ward 71,22.578612,88.284138,261.7,22,110.6,High,ward_representative_point,SYNTHETIC_MVP_SPATIALIZED,Replace with official station/grid observations before ML validation
2026-07-01,2026,7,July,71,KMC Ward 71,22.578612,88.284138,429.1,31,190.5,Very High,ward_representative_point,SYNTHETIC_MVP_SPATIALIZED,Replace with official station/grid observations before ML validation
2026-08-01,2026,8,August,71,KMC Ward 71,22.578612,88.284138,284.5,26,101.3,High,ward_representative_point,SYNTHETIC_MVP_SPATIALIZED,Replace with official station/grid observations before ML validation
2025-09-01,2025,9,September,72,KMC Ward 72,22.570968,88.266251,278.2,20,64.5,High,ward_representative_point,SYNTHETIC_MVP_SPATIALIZED,Replace with official station/grid observations before ML validation
2025-10-01,2025,10,October,72,KMC Ward 72,22.570968,88.266251,223.8,24,52.8,High,ward_representative_point,SYNTHETIC_MVP_SPATIALIZED,Replace with official station/grid observations before ML validation
2025-11-01,2025,11,November,72,KMC Ward 72,22.570968,88.266251,43.9,8,14.4,Low,ward_representative_point,SYNTHETIC_MVP_SPATIALIZED,Replace with official station/grid observations before ML validation
2025-12-01,2025,12,December,72,KMC Ward 72,22.570968,88.266251,15.9,4,4.8,Very Low,ward_representative_point,SYNTHETIC_MVP_SPATIALIZED,Replace with official station/grid observations before ML validation
2026-01-01,2026,1,January,72,KMC Ward 72,22.570968,88.266251,9.6,6,2,Very Low,ward_representative_point,SYNTHETIC_MVP_SPATIALIZED,Replace with official station/grid observations before ML validation
2026-02-01,2026,2,February,72,KMC Ward 72,22.570968,88.266251,18.2,1,6.5,Very Low,ward_representative_point,SYNTHETIC_MVP_SPATIALIZED,Replace with official station/grid observations before ML validation
2026-03-01,2026,3,March,72,KMC Ward 72,22.570968,88.266251,43.2,3,18.7,Low,ward_representative_point,SYNTHETIC_MVP_SPATIALIZED,Replace with official station/grid observations before ML validation
2026-04-01,2026,4,April,72,KMC Ward 72,22.570968,88.266251,102.6,7,33.5,Moderate,ward_representative_point,SYNTHETIC_MVP_SPATIALIZED,Replace with official station/grid observations before ML validation
2026-05-01,2026,5,May,72,KMC Ward 72,22.570968,88.266251,187.7,13,60.3,High,ward_representative_point,SYNTHETIC_MVP_SPATIALIZED,Replace with official station/grid observations before ML validation
2026-06-01,2026,6,June,72,KMC Ward 72,22.570968,88.266251,284,23,97.9,High,ward_representative_point,SYNTHETIC_MVP_SPATIALIZED,Replace with official station/grid observations before ML validation
2026-07-01,2026,7,July,72,KMC Ward 72,22.570968,88.266251,276.7,22,77.8,High,ward_representative_point,SYNTHETIC_MVP_SPATIALIZED,Replace with official station/grid observations before ML validation
2026-08-01,2026,8,August,72,KMC Ward 72,22.570968,88.266251,241.7,18,70.3,High,ward_representative_point,SYNTHETIC_MVP_SPATIALIZED,Replace with official station/grid observations before ML validation
2025-09-01,2025,9,September,73,KMC Ward 73,22.567764,88.334381,260.3,23,86.8,High,ward_representative_point,SYNTHETIC_MVP_SPATIALIZED,Replace with official station/grid observations before ML validation
2025-10-01,2025,10,October,73,KMC Ward 73,22.567764,88.334381,164.7,18,60.7,High,ward_representative_point,SYNTHETIC_MVP_SPATIALIZED,Replace with official station/grid observations before ML validation
2025-11-01,2025,11,November,73,KMC Ward 73,22.567764,88.334381,15.2,2,4.6,Very Low,ward_representative_point,SYNTHETIC_MVP_SPATIALIZED,Replace with official station/grid observations before ML validation
2025-12-01,2025,12,December,73,KMC Ward 73,22.567764,88.334381,13.4,0,6,Very Low,ward_representative_point,SYNTHETIC_MVP_SPATIALIZED,Replace with official station/grid observations before ML validation
2026-01-01,2026,1,January,73,KMC Ward 73,22.567764,88.334381,10.2,2,2.8,Very Low,ward_representative_point,SYNTHETIC_MVP_SPATIALIZED,Replace with official station/grid observations before ML validation
2026-02-01,2026,2,February,73,KMC Ward 73,22.567764,88.334381,12.4,1,4.4,Very Low,ward_representative_point,SYNTHETIC_MVP_SPATIALIZED,Replace with official station/grid observations before ML validation
2026-03-01,2026,3,March,73,KMC Ward 73,22.567764,88.334381,41,10,11.5,Low,ward_representative_point,SYNTHETIC_MVP_SPATIALIZED,Replace with official station/grid observations before ML validation
2026-04-01,2026,4,April,73,KMC Ward 73,22.567764,88.334381,48.9,5,18.8,Low,ward_representative_point,SYNTHETIC_MVP_SPATIALIZED,Replace with official station/grid observations before ML validation
2026-05-01,2026,5,May,73,KMC Ward 73,22.567764,88.334381,99.4,8,39.1,Moderate,ward_representative_point,SYNTHETIC_MVP_SPATIALIZED,Replace with official station/grid observations before ML validation
2026-06-01,2026,6,June,73,KMC Ward 73,22.567764,88.334381,312.6,29,140.3,Very High,ward_representative_point,SYNTHETIC_MVP_SPATIALIZED,Replace with official station/grid observations before ML validation
2026-07-01,2026,7,July,73,KMC Ward 73,22.567764,88.334381,319.7,26,93,Very High,ward_representative_point,SYNTHETIC_MVP_SPATIALIZED,Replace with official station/grid observations before ML validation
2026-08-01,2026,8,August,73,KMC Ward 73,22.567764,88.334381,363.3,28,74,Very High,ward_representative_point,SYNTHETIC_MVP_SPATIALIZED,Replace with official station/grid observations before ML validation
2025-09-01,2025,9,September,74,KMC Ward 74,22.571733,88.30886,331.6,27,144.4,Very High,ward_representative_point,SYNTHETIC_MVP_SPATIALIZED,Replace with official station/grid observations before ML validation
2025-10-01,2025,10,October,74,KMC Ward 74,22.571733,88.30886,135,13,45.6,Moderate,ward_representative_point,SYNTHETIC_MVP_SPATIALIZED,Replace with official station/grid observations before ML validation
2025-11-01,2025,11,November,74,KMC Ward 74,22.571733,88.30886,36.8,5,14,Low,ward_representative_point,SYNTHETIC_MVP_SPATIALIZED,Replace with official station/grid observations before ML validation
2025-12-01,2025,12,December,74,KMC Ward 74,22.571733,88.30886,15.5,0,6.3,Very Low,ward_representative_point,SYNTHETIC_MVP_SPATIALIZED,Replace with official station/grid observations before ML validation
2026-01-01,2026,1,January,74,KMC Ward 74,22.571733,88.30886,11.2,2,2.9,Very Low,ward_representative_point,SYNTHETIC_MVP_SPATIALIZED,Replace with official station/grid observations before ML validation
2026-02-01,2026,2,February,74,KMC Ward 74,22.571733,88.30886,26.4,6,7,Low,ward_representative_point,SYNTHETIC_MVP_SPATIALIZED,Replace with official station/grid observations before ML validation
2026-03-01,2026,3,March,74,KMC Ward 74,22.571733,88.30886,37.7,6,11.7,Low,ward_representative_point,SYNTHETIC_MVP_SPATIALIZED,Replace with official station/grid observations before ML validation
2026-04-01,2026,4,April,74,KMC Ward 74,22.571733,88.30886,53.4,2,13.6,Moderate,ward_representative_point,SYNTHETIC_MVP_SPATIALIZED,Replace with official station/grid observations before ML validation
2026-05-01,2026,5,May,74,KMC Ward 74,22.571733,88.30886,129.4,10,39.2,Moderate,ward_representative_point,SYNTHETIC_MVP_SPATIALIZED,Replace with official station/grid observations before ML validation
2026-06-01,2026,6,June,74,KMC Ward 74,22.571733,88.30886,201.2,17,44.9,High,ward_representative_point,SYNTHETIC_MVP_SPATIALIZED,Replace with official station/grid observations before ML validation
2026-07-01,2026,7,July,74,KMC Ward 74,22.571733,88.30886,282.5,23,120.1,High,ward_representative_point,SYNTHETIC_MVP_SPATIALIZED,Replace with official station/grid observations before ML validation
2026-08-01,2026,8,August,74,KMC Ward 74,22.571733,88.30886,323.2,28,98.9,Very High,ward_representative_point,SYNTHETIC_MVP_SPATIALIZED,Replace with official station/grid observations before ML validation
2025-09-01,2025,9,September,75,KMC Ward 75,22.561727,88.285601,226.4,18,79.4,High,ward_representative_point,SYNTHETIC_MVP_SPATIALIZED,Replace with official station/grid observations before ML validation
2025-10-01,2025,10,October,75,KMC Ward 75,22.561727,88.285601,149.7,15,42.2,Moderate,ward_representative_point,SYNTHETIC_MVP_SPATIALIZED,Replace with official station/grid observations before ML validation
2025-11-01,2025,11,November,75,KMC Ward 75,22.561727,88.285601,39.8,4,13.1,Low,ward_representative_point,SYNTHETIC_MVP_SPATIALIZED,Replace with official station/grid observations before ML validation
2025-12-01,2025,12,December,75,KMC Ward 75,22.561727,88.285601,12.1,0,2.7,Very Low,ward_representative_point,SYNTHETIC_MVP_SPATIALIZED,Replace with official station/grid observations before ML validation
2026-01-01,2026,1,January,75,KMC Ward 75,22.561727,88.285601,8,2,3.5,Very Low,ward_representative_point,SYNTHETIC_MVP_SPATIALIZED,Replace with official station/grid observations before ML validation
2026-02-01,2026,2,February,75,KMC Ward 75,22.561727,88.285601,22.4,0,9.2,Low,ward_representative_point,SYNTHETIC_MVP_SPATIALIZED,Replace with official station/grid observations before ML validation
2026-03-01,2026,3,March,75,KMC Ward 75,22.561727,88.285601,27.8,3,8.9,Low,ward_representative_point,SYNTHETIC_MVP_SPATIALIZED,Replace with official station/grid observations before ML validation
2026-04-01,2026,4,April,75,KMC Ward 75,22.561727,88.285601,48.2,4,19.4,Low,ward_representative_point,SYNTHETIC_MVP_SPATIALIZED,Replace with official station/grid observations before ML validation
2026-05-01,2026,5,May,75,KMC Ward 75,22.561727,88.285601,141.9,16,51.7,Moderate,ward_representative_point,SYNTHETIC_MVP_SPATIALIZED,Replace with official station/grid observations before ML validation
2026-06-01,2026,6,June,75,KMC Ward 75,22.561727,88.285601,340.6,28,116.6,Very High,ward_representative_point,SYNTHETIC_MVP_SPATIALIZED,Replace with official station/grid observations before ML validation
2026-07-01,2026,7,July,75,KMC Ward 75,22.561727,88.285601,329.5,30,90.5,Very High,ward_representative_point,SYNTHETIC_MVP_SPATIALIZED,Replace with official station/grid observations before ML validation
2026-08-01,2026,8,August,75,KMC Ward 75,22.561727,88.285601,303.7,25,101.2,Very High,ward_representative_point,SYNTHETIC_MVP_SPATIALIZED,Replace with official station/grid observations before ML validation
2025-09-01,2025,9,September,76,KMC Ward 76,22.551535,88.262602,378.9,31,96.8,Very High,ward_representative_point,SYNTHETIC_MVP_SPATIALIZED,Replace with official station/grid observations before ML validation
2025-10-01,2025,10,October,76,KMC Ward 76,22.551535,88.262602,170.5,15,48.8,High,ward_representative_point,SYNTHETIC_MVP_SPATIALIZED,Replace with official station/grid observations before ML validation
2025-11-01,2025,11,November,76,KMC Ward 76,22.551535,88.262602,27.8,3,11.1,Low,ward_representative_point,SYNTHETIC_MVP_SPATIALIZED,Replace with official station/grid observations before ML validation
2025-12-01,2025,12,December,76,KMC Ward 76,22.551535,88.262602,16.2,3,3.3,Very Low,ward_representative_point,SYNTHETIC_MVP_SPATIALIZED,Replace with official station/grid observations before ML validation
2026-01-01,2026,1,January,76,KMC Ward 76,22.551535,88.262602,7.9,4,2.3,Very Low,ward_representative_point,SYNTHETIC_MVP_SPATIALIZED,Replace with official station/grid observations before ML validation
2026-02-01,2026,2,February,76,KMC Ward 76,22.551535,88.262602,25,0,7.4,Low,ward_representative_point,SYNTHETIC_MVP_SPATIALIZED,Replace with official station/grid observations before ML validation
2026-03-01,2026,3,March,76,KMC Ward 76,22.551535,88.262602,42.8,0,16.8,Low,ward_representative_point,SYNTHETIC_MVP_SPATIALIZED,Replace with official station/grid observations before ML validation
2026-04-01,2026,4,April,76,KMC Ward 76,22.551535,88.262602,86.4,3,31.1,Moderate,ward_representative_point,SYNTHETIC_MVP_SPATIALIZED,Replace with official station/grid observations before ML validation
2026-05-01,2026,5,May,76,KMC Ward 76,22.551535,88.262602,122.5,9,52.1,Moderate,ward_representative_point,SYNTHETIC_MVP_SPATIALIZED,Replace with official station/grid observations before ML validation
2026-06-01,2026,6,June,76,KMC Ward 76,22.551535,88.262602,245.5,19,57.1,High,ward_representative_point,SYNTHETIC_MVP_SPATIALIZED,Replace with official station/grid observations before ML validation
2026-07-01,2026,7,July,76,KMC Ward 76,22.551535,88.262602,385.2,29,141.3,Very High,ward_representative_point,SYNTHETIC_MVP_SPATIALIZED,Replace with official station/grid observations before ML validation
2026-08-01,2026,8,August,76,KMC Ward 76,22.551535,88.262602,333.1,30,149.2,Very High,ward_representative_point,SYNTHETIC_MVP_SPATIALIZED,Replace with official station/grid observations before ML validation
2025-09-01,2025,9,September,77,KMC Ward 77,22.564148,88.32393,255.2,18,99.5,High,ward_representative_point,SYNTHETIC_MVP_SPATIALIZED,Replace with official station/grid observations before ML validation
2025-10-01,2025,10,October,77,KMC Ward 77,22.564148,88.32393,92.3,7,31.8,Moderate,ward_representative_point,SYNTHETIC_MVP_SPATIALIZED,Replace with official station/grid observations before ML validation
2025-11-01,2025,11,November,77,KMC Ward 77,22.564148,88.32393,29.5,3,10.7,Low,ward_representative_point,SYNTHETIC_MVP_SPATIALIZED,Replace with official station/grid observations before ML validation
2025-12-01,2025,12,December,77,KMC Ward 77,22.564148,88.32393,15,2,5.4,Very Low,ward_representative_point,SYNTHETIC_MVP_SPATIALIZED,Replace with official station/grid observations before ML validation
2026-01-01,2026,1,January,77,KMC Ward 77,22.564148,88.32393,11.3,0,4.9,Very Low,ward_representative_point,SYNTHETIC_MVP_SPATIALIZED,Replace with official station/grid observations before ML validation
2026-02-01,2026,2,February,77,KMC Ward 77,22.564148,88.32393,11.3,2,3.9,Very Low,ward_representative_point,SYNTHETIC_MVP_SPATIALIZED,Replace with official station/grid observations before ML validation
2026-03-01,2026,3,March,77,KMC Ward 77,22.564148,88.32393,30.7,2,6.9,Low,ward_representative_point,SYNTHETIC_MVP_SPATIALIZED,Replace with official station/grid observations before ML validation
2026-04-01,2026,4,April,77,KMC Ward 77,22.564148,88.32393,66.1,7,26.3,Moderate,ward_representative_point,SYNTHETIC_MVP_SPATIALIZED,Replace with official station/grid observations before ML validation
2026-05-01,2026,5,May,77,KMC Ward 77,22.564148,88.32393,135.1,13,54.4,Moderate,ward_representative_point,SYNTHETIC_MVP_SPATIALIZED,Replace with official station/grid observations before ML validation
2026-06-01,2026,6,June,77,KMC Ward 77,22.564148,88.32393,332.3,29,87.9,Very High,ward_representative_point,SYNTHETIC_MVP_SPATIALIZED,Replace with official station/grid observations before ML validation
2026-07-01,2026,7,July,77,KMC Ward 77,22.564148,88.32393,413.7,31,180.8,Very High,ward_representative_point,SYNTHETIC_MVP_SPATIALIZED,Replace with official station/grid observations before ML validation
2026-08-01,2026,8,August,77,KMC Ward 77,22.564148,88.32393,268.5,23,68.5,High,ward_representative_point,SYNTHETIC_MVP_SPATIALIZED,Replace with official station/grid observations before ML validation
2025-09-01,2025,9,September,78,KMC Ward 78,22.559908,88.300816,232.7,19,94.8,High,ward_representative_point,SYNTHETIC_MVP_SPATIALIZED,Replace with official station/grid observations before ML validation
2025-10-01,2025,10,October,78,KMC Ward 78,22.559908,88.300816,186.4,19,54.5,High,ward_representative_point,SYNTHETIC_MVP_SPATIALIZED,Replace with official station/grid observations before ML validation
2025-11-01,2025,11,November,78,KMC Ward 78,22.559908,88.300816,41.6,2,9.8,Low,ward_representative_point,SYNTHETIC_MVP_SPATIALIZED,Replace with official station/grid observations before ML validation
2025-12-01,2025,12,December,78,KMC Ward 78,22.559908,88.300816,11.1,2,4.2,Very Low,ward_representative_point,SYNTHETIC_MVP_SPATIALIZED,Replace with official station/grid observations before ML validation
2026-01-01,2026,1,January,78,KMC Ward 78,22.559908,88.300816,5.1,1,1.4,Very Low,ward_representative_point,SYNTHETIC_MVP_SPATIALIZED,Replace with official station/grid observations before ML validation
2026-02-01,2026,2,February,78,KMC Ward 78,22.559908,88.300816,21.3,3,5.2,Low,ward_representative_point,SYNTHETIC_MVP_SPATIALIZED,Replace with official station/grid observations before ML validation
2026-03-01,2026,3,March,78,KMC Ward 78,22.559908,88.300816,41.9,4,16.5,Low,ward_representative_point,SYNTHETIC_MVP_SPATIALIZED,Replace with official station/grid observations before ML validation
2026-04-01,2026,4,April,78,KMC Ward 78,22.559908,88.300816,65.8,5,17.5,Moderate,ward_representative_point,SYNTHETIC_MVP_SPATIALIZED,Replace with official station/grid observations before ML validation
2026-05-01,2026,5,May,78,KMC Ward 78,22.559908,88.300816,140.8,9,29.4,Moderate,ward_representative_point,SYNTHETIC_MVP_SPATIALIZED,Replace with official station/grid observations before ML validation
2026-06-01,2026,6,June,78,KMC Ward 78,22.559908,88.300816,260.5,22,69.5,High,ward_representative_point,SYNTHETIC_MVP_SPATIALIZED,Replace with official station/grid observations before ML validation
2026-07-01,2026,7,July,78,KMC Ward 78,22.559908,88.300816,235.1,20,87.3,High,ward_representative_point,SYNTHETIC_MVP_SPATIALIZED,Replace with official station/grid observations before ML validation
2026-08-01,2026,8,August,78,KMC Ward 78,22.559908,88.300816,268.9,23,115.9,High,ward_representative_point,SYNTHETIC_MVP_SPATIALIZED,Replace with official station/grid observations before ML validation
2025-09-01,2025,9,September,79,KMC Ward 79,22.547235,88.277642,241.4,22,97.1,High,ward_representative_point,SYNTHETIC_MVP_SPATIALIZED,Replace with official station/grid observations before ML validation
2025-10-01,2025,10,October,79,KMC Ward 79,22.547235,88.277642,170.7,13,36,High,ward_representative_point,SYNTHETIC_MVP_SPATIALIZED,Replace with official station/grid observations before ML validation
2025-11-01,2025,11,November,79,KMC Ward 79,22.547235,88.277642,36.1,0,11.3,Low,ward_representative_point,SYNTHETIC_MVP_SPATIALIZED,Replace with official station/grid observations before ML validation
2025-12-01,2025,12,December,79,KMC Ward 79,22.547235,88.277642,14.1,0,5,Very Low,ward_representative_point,SYNTHETIC_MVP_SPATIALIZED,Replace with official station/grid observations before ML validation
2026-01-01,2026,1,January,79,KMC Ward 79,22.547235,88.277642,7.2,1,1.8,Very Low,ward_representative_point,SYNTHETIC_MVP_SPATIALIZED,Replace with official station/grid observations before ML validation
2026-02-01,2026,2,February,79,KMC Ward 79,22.547235,88.277642,20.4,0,5,Low,ward_representative_point,SYNTHETIC_MVP_SPATIALIZED,Replace with official station/grid observations before ML validation
2026-03-01,2026,3,March,79,KMC Ward 79,22.547235,88.277642,29.7,4,9.4,Low,ward_representative_point,SYNTHETIC_MVP_SPATIALIZED,Replace with official station/grid observations before ML validation
2026-04-01,2026,4,April,79,KMC Ward 79,22.547235,88.277642,74,2,33.1,Moderate,ward_representative_point,SYNTHETIC_MVP_SPATIALIZED,Replace with official station/grid observations before ML validation
2026-05-01,2026,5,May,79,KMC Ward 79,22.547235,88.277642,155.8,11,32,High,ward_representative_point,SYNTHETIC_MVP_SPATIALIZED,Replace with official station/grid observations before ML validation
2026-06-01,2026,6,June,79,KMC Ward 79,22.547235,88.277642,310.4,25,62.7,Very High,ward_representative_point,SYNTHETIC_MVP_SPATIALIZED,Replace with official station/grid observations before ML validation
2026-07-01,2026,7,July,79,KMC Ward 79,22.547235,88.277642,302.4,25,99,Very High,ward_representative_point,SYNTHETIC_MVP_SPATIALIZED,Replace with official station/grid observations before ML validation
2026-08-01,2026,8,August,79,KMC Ward 79,22.547235,88.277642,327.7,31,136.1,Very High,ward_representative_point,SYNTHETIC_MVP_SPATIALIZED,Replace with official station/grid observations before ML validation
2025-09-01,2025,9,September,80,KMC Ward 80,22.539701,88.266759,275.4,23,97.7,High,ward_representative_point,SYNTHETIC_MVP_SPATIALIZED,Replace with official station/grid observations before ML validation
2025-10-01,2025,10,October,80,KMC Ward 80,22.539701,88.266759,194,13,64.8,High,ward_representative_point,SYNTHETIC_MVP_SPATIALIZED,Replace with official station/grid observations before ML validation
2025-11-01,2025,11,November,80,KMC Ward 80,22.539701,88.266759,35.8,2,11,Low,ward_representative_point,SYNTHETIC_MVP_SPATIALIZED,Replace with official station/grid observations before ML validation
2025-12-01,2025,12,December,80,KMC Ward 80,22.539701,88.266759,16.8,3,5.9,Very Low,ward_representative_point,SYNTHETIC_MVP_SPATIALIZED,Replace with official station/grid observations before ML validation
2026-01-01,2026,1,January,80,KMC Ward 80,22.539701,88.266759,9.2,0,3.6,Very Low,ward_representative_point,SYNTHETIC_MVP_SPATIALIZED,Replace with official station/grid observations before ML validation
2026-02-01,2026,2,February,80,KMC Ward 80,22.539701,88.266759,21.6,0,7.3,Low,ward_representative_point,SYNTHETIC_MVP_SPATIALIZED,Replace with official station/grid observations before ML validation
2026-03-01,2026,3,March,80,KMC Ward 80,22.539701,88.266759,35.7,2,11.3,Low,ward_representative_point,SYNTHETIC_MVP_SPATIALIZED,Replace with official station/grid observations before ML validation
2026-04-01,2026,4,April,80,KMC Ward 80,22.539701,88.266759,61.1,9,26,Moderate,ward_representative_point,SYNTHETIC_MVP_SPATIALIZED,Replace with official station/grid observations before ML validation
2026-05-01,2026,5,May,80,KMC Ward 80,22.539701,88.266759,177.5,13,47.2,High,ward_representative_point,SYNTHETIC_MVP_SPATIALIZED,Replace with official station/grid observations before ML validation
2026-06-01,2026,6,June,80,KMC Ward 80,22.539701,88.266759,351.4,31,82.7,Very High,ward_representative_point,SYNTHETIC_MVP_SPATIALIZED,Replace with official station/grid observations before ML validation
2026-07-01,2026,7,July,80,KMC Ward 80,22.539701,88.266759,398.4,31,109.1,Very High,ward_representative_point,SYNTHETIC_MVP_SPATIALIZED,Replace with official station/grid observations before ML validation
2026-08-01,2026,8,August,80,KMC Ward 80,22.539701,88.266759,218.7,17,96.9,High,ward_representative_point,SYNTHETIC_MVP_SPATIALIZED,Replace with official station/grid observations before ML validation
2025-09-01,2025,9,September,81,KMC Ward 81,22.559147,88.333561,251.5,23,102.2,High,ward_representative_point,SYNTHETIC_MVP_SPATIALIZED,Replace with official station/grid observations before ML validation
2025-10-01,2025,10,October,81,KMC Ward 81,22.559147,88.333561,121.7,13,52.7,Moderate,ward_representative_point,SYNTHETIC_MVP_SPATIALIZED,Replace with official station/grid observations before ML validation
2025-11-01,2025,11,November,81,KMC Ward 81,22.559147,88.333561,29.8,3,12.2,Low,ward_representative_point,SYNTHETIC_MVP_SPATIALIZED,Replace with official station/grid observations before ML validation
2025-12-01,2025,12,December,81,KMC Ward 81,22.559147,88.333561,11.4,3,3.3,Very Low,ward_representative_point,SYNTHETIC_MVP_SPATIALIZED,Replace with official station/grid observations before ML validation
2026-01-01,2026,1,January,81,KMC Ward 81,22.559147,88.333561,10.2,1,2.8,Very Low,ward_representative_point,SYNTHETIC_MVP_SPATIALIZED,Replace with official station/grid observations before ML validation
2026-02-01,2026,2,February,81,KMC Ward 81,22.559147,88.333561,19.3,7,7.7,Very Low,ward_representative_point,SYNTHETIC_MVP_SPATIALIZED,Replace with official station/grid observations before ML validation
2026-03-01,2026,3,March,81,KMC Ward 81,22.559147,88.333561,36.6,3,8.1,Low,ward_representative_point,SYNTHETIC_MVP_SPATIALIZED,Replace with official station/grid observations before ML validation
2026-04-01,2026,4,April,81,KMC Ward 81,22.559147,88.333561,62.6,3,16.9,Moderate,ward_representative_point,SYNTHETIC_MVP_SPATIALIZED,Replace with official station/grid observations before ML validation
2026-05-01,2026,5,May,81,KMC Ward 81,22.559147,88.333561,151,8,54.5,High,ward_representative_point,SYNTHETIC_MVP_SPATIALIZED,Replace with official station/grid observations before ML validation
2026-06-01,2026,6,June,81,KMC Ward 81,22.559147,88.333561,272.9,23,90.3,High,ward_representative_point,SYNTHETIC_MVP_SPATIALIZED,Replace with official station/grid observations before ML validation
2026-07-01,2026,7,July,81,KMC Ward 81,22.559147,88.333561,324.4,25,115.1,Very High,ward_representative_point,SYNTHETIC_MVP_SPATIALIZED,Replace with official station/grid observations before ML validation
2026-08-01,2026,8,August,81,KMC Ward 81,22.559147,88.333561,278,26,118.5,High,ward_representative_point,SYNTHETIC_MVP_SPATIALIZED,Replace with official station/grid observations before ML validation
2025-09-01,2025,9,September,82,KMC Ward 82,22.549663,88.302459,306,23,86.5,Very High,ward_representative_point,SYNTHETIC_MVP_SPATIALIZED,Replace with official station/grid observations before ML validation
2025-10-01,2025,10,October,82,KMC Ward 82,22.549663,88.302459,248.4,24,86.7,High,ward_representative_point,SYNTHETIC_MVP_SPATIALIZED,Replace with official station/grid observations before ML validation
2025-11-01,2025,11,November,82,KMC Ward 82,22.549663,88.302459,31.4,0,6.8,Low,ward_representative_point,SYNTHETIC_MVP_SPATIALIZED,Replace with official station/grid observations before ML validation
2025-12-01,2025,12,December,82,KMC Ward 82,22.549663,88.302459,17.5,5,3.8,Very Low,ward_representative_point,SYNTHETIC_MVP_SPATIALIZED,Replace with official station/grid observations before ML validation
2026-01-01,2026,1,January,82,KMC Ward 82,22.549663,88.302459,8.1,0,1.8,Very Low,ward_representative_point,SYNTHETIC_MVP_SPATIALIZED,Replace with official station/grid observations before ML validation
2026-02-01,2026,2,February,82,KMC Ward 82,22.549663,88.302459,23.6,6,8.8,Low,ward_representative_point,SYNTHETIC_MVP_SPATIALIZED,Replace with official station/grid observations before ML validation
2026-03-01,2026,3,March,82,KMC Ward 82,22.549663,88.302459,38.6,2,11.6,Low,ward_representative_point,SYNTHETIC_MVP_SPATIALIZED,Replace with official station/grid observations before ML validation
2026-04-01,2026,4,April,82,KMC Ward 82,22.549663,88.302459,65.7,5,14.3,Moderate,ward_representative_point,SYNTHETIC_MVP_SPATIALIZED,Replace with official station/grid observations before ML validation
2026-05-01,2026,5,May,82,KMC Ward 82,22.549663,88.302459,122,10,41.7,Moderate,ward_representative_point,SYNTHETIC_MVP_SPATIALIZED,Replace with official station/grid observations before ML validation
2026-06-01,2026,6,June,82,KMC Ward 82,22.549663,88.302459,380.7,31,106,Very High,ward_representative_point,SYNTHETIC_MVP_SPATIALIZED,Replace with official station/grid observations before ML validation
2026-07-01,2026,7,July,82,KMC Ward 82,22.549663,88.302459,451,31,96.1,Very High,ward_representative_point,SYNTHETIC_MVP_SPATIALIZED,Replace with official station/grid observations before ML validation
2026-08-01,2026,8,August,82,KMC Ward 82,22.549663,88.302459,264.4,22,77,High,ward_representative_point,SYNTHETIC_MVP_SPATIALIZED,Replace with official station/grid observations before ML validation
2025-09-01,2025,9,September,83,KMC Ward 83,22.542871,88.284036,281.2,20,93.1,High,ward_representative_point,SYNTHETIC_MVP_SPATIALIZED,Replace with official station/grid observations before ML validation
2025-10-01,2025,10,October,83,KMC Ward 83,22.542871,88.284036,187.9,19,74.4,High,ward_representative_point,SYNTHETIC_MVP_SPATIALIZED,Replace with official station/grid observations before ML validation
2025-11-01,2025,11,November,83,KMC Ward 83,22.542871,88.284036,42.3,4,12.8,Low,ward_representative_point,SYNTHETIC_MVP_SPATIALIZED,Replace with official station/grid observations before ML validation
2025-12-01,2025,12,December,83,KMC Ward 83,22.542871,88.284036,13.3,2,3.3,Very Low,ward_representative_point,SYNTHETIC_MVP_SPATIALIZED,Replace with official station/grid observations before ML validation
2026-01-01,2026,1,January,83,KMC Ward 83,22.542871,88.284036,11.3,1,2.7,Very Low,ward_representative_point,SYNTHETIC_MVP_SPATIALIZED,Replace with official station/grid observations before ML validation
2026-02-01,2026,2,February,83,KMC Ward 83,22.542871,88.284036,21.6,2,6.2,Low,ward_representative_point,SYNTHETIC_MVP_SPATIALIZED,Replace with official station/grid observations before ML validation
2026-03-01,2026,3,March,83,KMC Ward 83,22.542871,88.284036,55.1,7,18.4,Moderate,ward_representative_point,SYNTHETIC_MVP_SPATIALIZED,Replace with official station/grid observations before ML validation
2026-04-01,2026,4,April,83,KMC Ward 83,22.542871,88.284036,94.2,11,38.8,Moderate,ward_representative_point,SYNTHETIC_MVP_SPATIALIZED,Replace with official station/grid observations before ML validation
2026-05-01,2026,5,May,83,KMC Ward 83,22.542871,88.284036,152,17,41.1,High,ward_representative_point,SYNTHETIC_MVP_SPATIALIZED,Replace with official station/grid observations before ML validation
2026-06-01,2026,6,June,83,KMC Ward 83,22.542871,88.284036,225.7,17,87.4,High,ward_representative_point,SYNTHETIC_MVP_SPATIALIZED,Replace with official station/grid observations before ML validation
2026-07-01,2026,7,July,83,KMC Ward 83,22.542871,88.284036,372.8,31,133,Very High,ward_representative_point,SYNTHETIC_MVP_SPATIALIZED,Replace with official station/grid observations before ML validation
2026-08-01,2026,8,August,83,KMC Ward 83,22.542871,88.284036,363.4,28,132.7,Very High,ward_representative_point,SYNTHETIC_MVP_SPATIALIZED,Replace with official station/grid observations before ML validation
2025-09-01,2025,9,September,84,KMC Ward 84,22.563751,88.345421,197.3,14,64.4,High,ward_representative_point,SYNTHETIC_MVP_SPATIALIZED,Replace with official station/grid observations before ML validation
2025-10-01,2025,10,October,84,KMC Ward 84,22.563751,88.345421,127.4,10,38,Moderate,ward_representative_point,SYNTHETIC_MVP_SPATIALIZED,Replace with official station/grid observations before ML validation
2025-11-01,2025,11,November,84,KMC Ward 84,22.563751,88.345421,19,0,5.1,Very Low,ward_representative_point,SYNTHETIC_MVP_SPATIALIZED,Replace with official station/grid observations before ML validation
2025-12-01,2025,12,December,84,KMC Ward 84,22.563751,88.345421,10.7,1,4.1,Very Low,ward_representative_point,SYNTHETIC_MVP_SPATIALIZED,Replace with official station/grid observations before ML validation
2026-01-01,2026,1,January,84,KMC Ward 84,22.563751,88.345421,10.4,1,3,Very Low,ward_representative_point,SYNTHETIC_MVP_SPATIALIZED,Replace with official station/grid observations before ML validation
2026-02-01,2026,2,February,84,KMC Ward 84,22.563751,88.345421,18.8,4,4,Very Low,ward_representative_point,SYNTHETIC_MVP_SPATIALIZED,Replace with official station/grid observations before ML validation
2026-03-01,2026,3,March,84,KMC Ward 84,22.563751,88.345421,26.4,2,9.8,Low,ward_representative_point,SYNTHETIC_MVP_SPATIALIZED,Replace with official station/grid observations before ML validation
2026-04-01,2026,4,April,84,KMC Ward 84,22.563751,88.345421,50.1,1,19.4,Moderate,ward_representative_point,SYNTHETIC_MVP_SPATIALIZED,Replace with official station/grid observations before ML validation
2026-05-01,2026,5,May,84,KMC Ward 84,22.563751,88.345421,108.5,10,40.2,Moderate,ward_representative_point,SYNTHETIC_MVP_SPATIALIZED,Replace with official station/grid observations before ML validation
2026-06-01,2026,6,June,84,KMC Ward 84,22.563751,88.345421,329.8,24,82.7,Very High,ward_representative_point,SYNTHETIC_MVP_SPATIALIZED,Replace with official station/grid observations before ML validation
2026-07-01,2026,7,July,84,KMC Ward 84,22.563751,88.345421,340.5,28,86.4,Very High,ward_representative_point,SYNTHETIC_MVP_SPATIALIZED,Replace with official station/grid observations before ML validation
2026-08-01,2026,8,August,84,KMC Ward 84,22.563751,88.345421,260.2,23,76.6,High,ward_representative_point,SYNTHETIC_MVP_SPATIALIZED,Replace with official station/grid observations before ML validation
2025-09-01,2025,9,September,85,KMC Ward 85,22.546737,88.32918,212.9,16,52.5,High,ward_representative_point,SYNTHETIC_MVP_SPATIALIZED,Replace with official station/grid observations before ML validation
2025-10-01,2025,10,October,85,KMC Ward 85,22.546737,88.32918,161.5,16,37,High,ward_representative_point,SYNTHETIC_MVP_SPATIALIZED,Replace with official station/grid observations before ML validation
2025-11-01,2025,11,November,85,KMC Ward 85,22.546737,88.32918,42.8,10,10,Low,ward_representative_point,SYNTHETIC_MVP_SPATIALIZED,Replace with official station/grid observations before ML validation
2025-12-01,2025,12,December,85,KMC Ward 85,22.546737,88.32918,14.2,0,3.6,Very Low,ward_representative_point,SYNTHETIC_MVP_SPATIALIZED,Replace with official station/grid observations before ML validation
2026-01-01,2026,1,January,85,KMC Ward 85,22.546737,88.32918,10.9,4,4.3,Very Low,ward_representative_point,SYNTHETIC_MVP_SPATIALIZED,Replace with official station/grid observations before ML validation
2026-02-01,2026,2,February,85,KMC Ward 85,22.546737,88.32918,13.2,2,3.1,Very Low,ward_representative_point,SYNTHETIC_MVP_SPATIALIZED,Replace with official station/grid observations before ML validation
2026-03-01,2026,3,March,85,KMC Ward 85,22.546737,88.32918,40,1,11.6,Low,ward_representative_point,SYNTHETIC_MVP_SPATIALIZED,Replace with official station/grid observations before ML validation
2026-04-01,2026,4,April,85,KMC Ward 85,22.546737,88.32918,61.9,5,14.8,Moderate,ward_representative_point,SYNTHETIC_MVP_SPATIALIZED,Replace with official station/grid observations before ML validation
2026-05-01,2026,5,May,85,KMC Ward 85,22.546737,88.32918,100,8,37,Moderate,ward_representative_point,SYNTHETIC_MVP_SPATIALIZED,Replace with official station/grid observations before ML validation
2026-06-01,2026,6,June,85,KMC Ward 85,22.546737,88.32918,234.7,20,74.3,High,ward_representative_point,SYNTHETIC_MVP_SPATIALIZED,Replace with official station/grid observations before ML validation
2026-07-01,2026,7,July,85,KMC Ward 85,22.546737,88.32918,313.3,25,99.2,Very High,ward_representative_point,SYNTHETIC_MVP_SPATIALIZED,Replace with official station/grid observations before ML validation
2026-08-01,2026,8,August,85,KMC Ward 85,22.546737,88.32918,391.1,31,172.4,Very High,ward_representative_point,SYNTHETIC_MVP_SPATIALIZED,Replace with official station/grid observations before ML validation
2025-09-01,2025,9,September,86,KMC Ward 86,22.537021,88.309735,292.9,24,71,High,ward_representative_point,SYNTHETIC_MVP_SPATIALIZED,Replace with official station/grid observations before ML validation
2025-10-01,2025,10,October,86,KMC Ward 86,22.537021,88.309735,170.8,16,40,High,ward_representative_point,SYNTHETIC_MVP_SPATIALIZED,Replace with official station/grid observations before ML validation
2025-11-01,2025,11,November,86,KMC Ward 86,22.537021,88.309735,25.6,2,8.6,Low,ward_representative_point,SYNTHETIC_MVP_SPATIALIZED,Replace with official station/grid observations before ML validation
2025-12-01,2025,12,December,86,KMC Ward 86,22.537021,88.309735,13.9,4,5.3,Very Low,ward_representative_point,SYNTHETIC_MVP_SPATIALIZED,Replace with official station/grid observations before ML validation
2026-01-01,2026,1,January,86,KMC Ward 86,22.537021,88.309735,11.6,2,4.2,Very Low,ward_representative_point,SYNTHETIC_MVP_SPATIALIZED,Replace with official station/grid observations before ML validation
2026-02-01,2026,2,February,86,KMC Ward 86,22.537021,88.309735,25.8,1,8.1,Low,ward_representative_point,SYNTHETIC_MVP_SPATIALIZED,Replace with official station/grid observations before ML validation
2026-03-01,2026,3,March,86,KMC Ward 86,22.537021,88.309735,29.2,4,7.5,Low,ward_representative_point,SYNTHETIC_MVP_SPATIALIZED,Replace with official station/grid observations before ML validation
2026-04-01,2026,4,April,86,KMC Ward 86,22.537021,88.309735,55.8,6,16.6,Moderate,ward_representative_point,SYNTHETIC_MVP_SPATIALIZED,Replace with official station/grid observations before ML validation
2026-05-01,2026,5,May,86,KMC Ward 86,22.537021,88.309735,122.3,9,40.3,Moderate,ward_representative_point,SYNTHETIC_MVP_SPATIALIZED,Replace with official station/grid observations before ML validation
2026-06-01,2026,6,June,86,KMC Ward 86,22.537021,88.309735,226.7,19,82.3,High,ward_representative_point,SYNTHETIC_MVP_SPATIALIZED,Replace with official station/grid observations before ML validation
2026-07-01,2026,7,July,86,KMC Ward 86,22.537021,88.309735,358.1,30,78.9,Very High,ward_representative_point,SYNTHETIC_MVP_SPATIALIZED,Replace with official station/grid observations before ML validation
2026-08-01,2026,8,August,86,KMC Ward 86,22.537021,88.309735,200.5,15,41.8,High,ward_representative_point,SYNTHETIC_MVP_SPATIALIZED,Replace with official station/grid observations before ML validation
2025-09-01,2025,9,September,87,KMC Ward 87,22.519174,88.296293,288.7,28,127.9,High,ward_representative_point,SYNTHETIC_MVP_SPATIALIZED,Replace with official station/grid observations before ML validation
2025-10-01,2025,10,October,87,KMC Ward 87,22.519174,88.296293,177.4,15,62.8,High,ward_representative_point,SYNTHETIC_MVP_SPATIALIZED,Replace with official station/grid observations before ML validation
2025-11-01,2025,11,November,87,KMC Ward 87,22.519174,88.296293,30.5,3,12,Low,ward_representative_point,SYNTHETIC_MVP_SPATIALIZED,Replace with official station/grid observations before ML validation
2025-12-01,2025,12,December,87,KMC Ward 87,22.519174,88.296293,10.8,0,3.9,Very Low,ward_representative_point,SYNTHETIC_MVP_SPATIALIZED,Replace with official station/grid observations before ML validation
2026-01-01,2026,1,January,87,KMC Ward 87,22.519174,88.296293,6.9,0,3.1,Very Low,ward_representative_point,SYNTHETIC_MVP_SPATIALIZED,Replace with official station/grid observations before ML validation
2026-02-01,2026,2,February,87,KMC Ward 87,22.519174,88.296293,21.4,4,8.4,Low,ward_representative_point,SYNTHETIC_MVP_SPATIALIZED,Replace with official station/grid observations before ML validation
2026-03-01,2026,3,March,87,KMC Ward 87,22.519174,88.296293,37.9,2,10.4,Low,ward_representative_point,SYNTHETIC_MVP_SPATIALIZED,Replace with official station/grid observations before ML validation
2026-04-01,2026,4,April,87,KMC Ward 87,22.519174,88.296293,50,7,17.3,Moderate,ward_representative_point,SYNTHETIC_MVP_SPATIALIZED,Replace with official station/grid observations before ML validation
2026-05-01,2026,5,May,87,KMC Ward 87,22.519174,88.296293,162.2,10,62.5,High,ward_representative_point,SYNTHETIC_MVP_SPATIALIZED,Replace with official station/grid observations before ML validation
2026-06-01,2026,6,June,87,KMC Ward 87,22.519174,88.296293,350,31,129.6,Very High,ward_representative_point,SYNTHETIC_MVP_SPATIALIZED,Replace with official station/grid observations before ML validation
2026-07-01,2026,7,July,87,KMC Ward 87,22.519174,88.296293,290.5,26,62.8,High,ward_representative_point,SYNTHETIC_MVP_SPATIALIZED,Replace with official station/grid observations before ML validation
2026-08-01,2026,8,August,87,KMC Ward 87,22.519174,88.296293,324.9,26,74.9,Very High,ward_representative_point,SYNTHETIC_MVP_SPATIALIZED,Replace with official station/grid observations before ML validation
2025-09-01,2025,9,September,88,KMC Ward 88,22.553272,88.33727,327.1,27,102.2,Very High,ward_representative_point,SYNTHETIC_MVP_SPATIALIZED,Replace with official station/grid observations before ML validation
2025-10-01,2025,10,October,88,KMC Ward 88,22.553272,88.33727,112.9,10,35.3,Moderate,ward_representative_point,SYNTHETIC_MVP_SPATIALIZED,Replace with official station/grid observations before ML validation
2025-11-01,2025,11,November,88,KMC Ward 88,22.553272,88.33727,40,2,13.2,Low,ward_representative_point,SYNTHETIC_MVP_SPATIALIZED,Replace with official station/grid observations before ML validation
2025-12-01,2025,12,December,88,KMC Ward 88,22.553272,88.33727,11.3,1,3.4,Very Low,ward_representative_point,SYNTHETIC_MVP_SPATIALIZED,Replace with official station/grid observations before ML validation
2026-01-01,2026,1,January,88,KMC Ward 88,22.553272,88.33727,10.6,2,4.2,Very Low,ward_representative_point,SYNTHETIC_MVP_SPATIALIZED,Replace with official station/grid observations before ML validation
2026-02-01,2026,2,February,88,KMC Ward 88,22.553272,88.33727,16.5,2,4.6,Very Low,ward_representative_point,SYNTHETIC_MVP_SPATIALIZED,Replace with official station/grid observations before ML validation
2026-03-01,2026,3,March,88,KMC Ward 88,22.553272,88.33727,36.8,4,16.2,Low,ward_representative_point,SYNTHETIC_MVP_SPATIALIZED,Replace with official station/grid observations before ML validation
2026-04-01,2026,4,April,88,KMC Ward 88,22.553272,88.33727,49.5,4,17.9,Low,ward_representative_point,SYNTHETIC_MVP_SPATIALIZED,Replace with official station/grid observations before ML validation
2026-05-01,2026,5,May,88,KMC Ward 88,22.553272,88.33727,159,12,55.3,High,ward_representative_point,SYNTHETIC_MVP_SPATIALIZED,Replace with official station/grid observations before ML validation
2026-06-01,2026,6,June,88,KMC Ward 88,22.553272,88.33727,332.8,24,109.9,Very High,ward_representative_point,SYNTHETIC_MVP_SPATIALIZED,Replace with official station/grid observations before ML validation
2026-07-01,2026,7,July,88,KMC Ward 88,22.553272,88.33727,374.1,31,128.5,Very High,ward_representative_point,SYNTHETIC_MVP_SPATIALIZED,Replace with official station/grid observations before ML validation
2026-08-01,2026,8,August,88,KMC Ward 88,22.553272,88.33727,204.7,17,42.7,High,ward_representative_point,SYNTHETIC_MVP_SPATIALIZED,Replace with official station/grid observations before ML validation
2025-09-01,2025,9,September,89,KMC Ward 89,22.545384,88.325999,271.7,20,83.7,High,ward_representative_point,SYNTHETIC_MVP_SPATIALIZED,Replace with official station/grid observations before ML validation
2025-10-01,2025,10,October,89,KMC Ward 89,22.545384,88.325999,138.5,13,29.4,Moderate,ward_representative_point,SYNTHETIC_MVP_SPATIALIZED,Replace with official station/grid observations before ML validation
2025-11-01,2025,11,November,89,KMC Ward 89,22.545384,88.325999,32.6,3,13.2,Low,ward_representative_point,SYNTHETIC_MVP_SPATIALIZED,Replace with official station/grid observations before ML validation
2025-12-01,2025,12,December,89,KMC Ward 89,22.545384,88.325999,13.2,0,5.9,Very Low,ward_representative_point,SYNTHETIC_MVP_SPATIALIZED,Replace with official station/grid observations before ML validation
2026-01-01,2026,1,January,89,KMC Ward 89,22.545384,88.325999,9.1,0,2.1,Very Low,ward_representative_point,SYNTHETIC_MVP_SPATIALIZED,Replace with official station/grid observations before ML validation
2026-02-01,2026,2,February,89,KMC Ward 89,22.545384,88.325999,26.4,6,8.8,Low,ward_representative_point,SYNTHETIC_MVP_SPATIALIZED,Replace with official station/grid observations before ML validation
2026-03-01,2026,3,March,89,KMC Ward 89,22.545384,88.325999,34.5,3,11,Low,ward_representative_point,SYNTHETIC_MVP_SPATIALIZED,Replace with official station/grid observations before ML validation
2026-04-01,2026,4,April,89,KMC Ward 89,22.545384,88.325999,69.8,7,24.5,Moderate,ward_representative_point,SYNTHETIC_MVP_SPATIALIZED,Replace with official station/grid observations before ML validation
2026-05-01,2026,5,May,89,KMC Ward 89,22.545384,88.325999,137,11,34.6,Moderate,ward_representative_point,SYNTHETIC_MVP_SPATIALIZED,Replace with official station/grid observations before ML validation
2026-06-01,2026,6,June,89,KMC Ward 89,22.545384,88.325999,243.7,20,53.5,High,ward_representative_point,SYNTHETIC_MVP_SPATIALIZED,Replace with official station/grid observations before ML validation
2026-07-01,2026,7,July,89,KMC Ward 89,22.545384,88.325999,390.4,31,119.4,Very High,ward_representative_point,SYNTHETIC_MVP_SPATIALIZED,Replace with official station/grid observations before ML validation
2026-08-01,2026,8,August,89,KMC Ward 89,22.545384,88.325999,399.6,31,174.1,Very High,ward_representative_point,SYNTHETIC_MVP_SPATIALIZED,Replace with official station/grid observations before ML validation
2025-09-01,2025,9,September,90,KMC Ward 90,22.5253,88.319219,215.6,15,85.5,High,ward_representative_point,SYNTHETIC_MVP_SPATIALIZED,Replace with official station/grid observations before ML validation
2025-10-01,2025,10,October,90,KMC Ward 90,22.5253,88.319219,193.4,19,51.8,High,ward_representative_point,SYNTHETIC_MVP_SPATIALIZED,Replace with official station/grid observations before ML validation
2025-11-01,2025,11,November,90,KMC Ward 90,22.5253,88.319219,37.1,3,15.2,Low,ward_representative_point,SYNTHETIC_MVP_SPATIALIZED,Replace with official station/grid observations before ML validation
2025-12-01,2025,12,December,90,KMC Ward 90,22.5253,88.319219,15.5,1,3.8,Very Low,ward_representative_point,SYNTHETIC_MVP_SPATIALIZED,Replace with official station/grid observations before ML validation
2026-01-01,2026,1,January,90,KMC Ward 90,22.5253,88.319219,13.2,4,4.1,Very Low,ward_representative_point,SYNTHETIC_MVP_SPATIALIZED,Replace with official station/grid observations before ML validation
2026-02-01,2026,2,February,90,KMC Ward 90,22.5253,88.319219,25.1,6,5.7,Low,ward_representative_point,SYNTHETIC_MVP_SPATIALIZED,Replace with official station/grid observations before ML validation
2026-03-01,2026,3,March,90,KMC Ward 90,22.5253,88.319219,50.3,4,11.6,Moderate,ward_representative_point,SYNTHETIC_MVP_SPATIALIZED,Replace with official station/grid observations before ML validation
2026-04-01,2026,4,April,90,KMC Ward 90,22.5253,88.319219,71.6,7,29.7,Moderate,ward_representative_point,SYNTHETIC_MVP_SPATIALIZED,Replace with official station/grid observations before ML validation
2026-05-01,2026,5,May,90,KMC Ward 90,22.5253,88.319219,135.2,7,30.5,Moderate,ward_representative_point,SYNTHETIC_MVP_SPATIALIZED,Replace with official station/grid observations before ML validation
2026-06-01,2026,6,June,90,KMC Ward 90,22.5253,88.319219,290.5,24,117.5,High,ward_representative_point,SYNTHETIC_MVP_SPATIALIZED,Replace with official station/grid observations before ML validation
2026-07-01,2026,7,July,90,KMC Ward 90,22.5253,88.319219,387.8,30,147.6,Very High,ward_representative_point,SYNTHETIC_MVP_SPATIALIZED,Replace with official station/grid observations before ML validation
2026-08-01,2026,8,August,90,KMC Ward 90,22.5253,88.319219,377.3,31,137.1,Very High,ward_representative_point,SYNTHETIC_MVP_SPATIALIZED,Replace with official station/grid observations before ML validation
2025-09-01,2025,9,September,91,KMC Ward 91,22.511535,88.303112,223.6,19,88.7,High,ward_representative_point,SYNTHETIC_MVP_SPATIALIZED,Replace with official station/grid observations before ML validation
2025-10-01,2025,10,October,91,KMC Ward 91,22.511535,88.303112,106,6,32.4,Moderate,ward_representative_point,SYNTHETIC_MVP_SPATIALIZED,Replace with official station/grid observations before ML validation
2025-11-01,2025,11,November,91,KMC Ward 91,22.511535,88.303112,33.9,5,12.3,Low,ward_representative_point,SYNTHETIC_MVP_SPATIALIZED,Replace with official station/grid observations before ML validation
2025-12-01,2025,12,December,91,KMC Ward 91,22.511535,88.303112,8.9,0,3.9,Very Low,ward_representative_point,SYNTHETIC_MVP_SPATIALIZED,Replace with official station/grid observations before ML validation
2026-01-01,2026,1,January,91,KMC Ward 91,22.511535,88.303112,7.6,0,2.3,Very Low,ward_representative_point,SYNTHETIC_MVP_SPATIALIZED,Replace with official station/grid observations before ML validation
2026-02-01,2026,2,February,91,KMC Ward 91,22.511535,88.303112,15.5,2,4.2,Very Low,ward_representative_point,SYNTHETIC_MVP_SPATIALIZED,Replace with official station/grid observations before ML validation
2026-03-01,2026,3,March,91,KMC Ward 91,22.511535,88.303112,37.3,4,11.4,Low,ward_representative_point,SYNTHETIC_MVP_SPATIALIZED,Replace with official station/grid observations before ML validation
2026-04-01,2026,4,April,91,KMC Ward 91,22.511535,88.303112,68.7,3,16.1,Moderate,ward_representative_point,SYNTHETIC_MVP_SPATIALIZED,Replace with official station/grid observations before ML validation
2026-05-01,2026,5,May,91,KMC Ward 91,22.511535,88.303112,121.5,12,40.6,Moderate,ward_representative_point,SYNTHETIC_MVP_SPATIALIZED,Replace with official station/grid observations before ML validation
2026-06-01,2026,6,June,91,KMC Ward 91,22.511535,88.303112,181.9,13,60.3,High,ward_representative_point,SYNTHETIC_MVP_SPATIALIZED,Replace with official station/grid observations before ML validation
2026-07-01,2026,7,July,91,KMC Ward 91,22.511535,88.303112,297.1,24,106.7,High,ward_representative_point,SYNTHETIC_MVP_SPATIALIZED,Replace with official station/grid observations before ML validation
2026-08-01,2026,8,August,91,KMC Ward 91,22.511535,88.303112,257.7,21,57.3,High,ward_representative_point,SYNTHETIC_MVP_SPATIALIZED,Replace with official station/grid observations before ML validation
2025-09-01,2025,9,September,92,KMC Ward 92,22.553078,88.341542,173.1,13,68.3,High,ward_representative_point,SYNTHETIC_MVP_SPATIALIZED,Replace with official station/grid observations before ML validation
2025-10-01,2025,10,October,92,KMC Ward 92,22.553078,88.341542,150.6,11,44.6,High,ward_representative_point,SYNTHETIC_MVP_SPATIALIZED,Replace with official station/grid observations before ML validation
2025-11-01,2025,11,November,92,KMC Ward 92,22.553078,88.341542,37.1,7,14.4,Low,ward_representative_point,SYNTHETIC_MVP_SPATIALIZED,Replace with official station/grid observations before ML validation
2025-12-01,2025,12,December,92,KMC Ward 92,22.553078,88.341542,7.7,2,1.9,Very Low,ward_representative_point,SYNTHETIC_MVP_SPATIALIZED,Replace with official station/grid observations before ML validation
2026-01-01,2026,1,January,92,KMC Ward 92,22.553078,88.341542,6.3,0,2.5,Very Low,ward_representative_point,SYNTHETIC_MVP_SPATIALIZED,Replace with official station/grid observations before ML validation
2026-02-01,2026,2,February,92,KMC Ward 92,22.553078,88.341542,18.3,1,7.6,Very Low,ward_representative_point,SYNTHETIC_MVP_SPATIALIZED,Replace with official station/grid observations before ML validation
2026-03-01,2026,3,March,92,KMC Ward 92,22.553078,88.341542,23.3,1,6.1,Low,ward_representative_point,SYNTHETIC_MVP_SPATIALIZED,Replace with official station/grid observations before ML validation
2026-04-01,2026,4,April,92,KMC Ward 92,22.553078,88.341542,71.5,5,22.5,Moderate,ward_representative_point,SYNTHETIC_MVP_SPATIALIZED,Replace with official station/grid observations before ML validation
2026-05-01,2026,5,May,92,KMC Ward 92,22.553078,88.341542,107.9,12,44.9,Moderate,ward_representative_point,SYNTHETIC_MVP_SPATIALIZED,Replace with official station/grid observations before ML validation
2026-06-01,2026,6,June,92,KMC Ward 92,22.553078,88.341542,241.7,21,98.8,High,ward_representative_point,SYNTHETIC_MVP_SPATIALIZED,Replace with official station/grid observations before ML validation
2026-07-01,2026,7,July,92,KMC Ward 92,22.553078,88.341542,306.9,25,80.4,Very High,ward_representative_point,SYNTHETIC_MVP_SPATIALIZED,Replace with official station/grid observations before ML validation
2026-08-01,2026,8,August,92,KMC Ward 92,22.553078,88.341542,237.8,17,105,High,ward_representative_point,SYNTHETIC_MVP_SPATIALIZED,Replace with official station/grid observations before ML validation
2025-09-01,2025,9,September,93,KMC Ward 93,22.535153,88.33513,245.7,19,65.6,High,ward_representative_point,SYNTHETIC_MVP_SPATIALIZED,Replace with official station/grid observations before ML validation
2025-10-01,2025,10,October,93,KMC Ward 93,22.535153,88.33513,148.4,12,60.5,Moderate,ward_representative_point,SYNTHETIC_MVP_SPATIALIZED,Replace with official station/grid observations before ML validation
2025-11-01,2025,11,November,93,KMC Ward 93,22.535153,88.33513,27.1,1,11.2,Low,ward_representative_point,SYNTHETIC_MVP_SPATIALIZED,Replace with official station/grid observations before ML validation
2025-12-01,2025,12,December,93,KMC Ward 93,22.535153,88.33513,11.5,0,5.2,Very Low,ward_representative_point,SYNTHETIC_MVP_SPATIALIZED,Replace with official station/grid observations before ML validation
2026-01-01,2026,1,January,93,KMC Ward 93,22.535153,88.33513,10.5,4,3.1,Very Low,ward_representative_point,SYNTHETIC_MVP_SPATIALIZED,Replace with official station/grid observations before ML validation
2026-02-01,2026,2,February,93,KMC Ward 93,22.535153,88.33513,20.2,4,6.4,Low,ward_representative_point,SYNTHETIC_MVP_SPATIALIZED,Replace with official station/grid observations before ML validation
2026-03-01,2026,3,March,93,KMC Ward 93,22.535153,88.33513,40.8,1,17.2,Low,ward_representative_point,SYNTHETIC_MVP_SPATIALIZED,Replace with official station/grid observations before ML validation
2026-04-01,2026,4,April,93,KMC Ward 93,22.535153,88.33513,43.2,5,13.2,Low,ward_representative_point,SYNTHETIC_MVP_SPATIALIZED,Replace with official station/grid observations before ML validation
2026-05-01,2026,5,May,93,KMC Ward 93,22.535153,88.33513,94.6,11,30.7,Moderate,ward_representative_point,SYNTHETIC_MVP_SPATIALIZED,Replace with official station/grid observations before ML validation
2026-06-01,2026,6,June,93,KMC Ward 93,22.535153,88.33513,248.6,21,58.2,High,ward_representative_point,SYNTHETIC_MVP_SPATIALIZED,Replace with official station/grid observations before ML validation
2026-07-01,2026,7,July,93,KMC Ward 93,22.535153,88.33513,418.1,31,95,Very High,ward_representative_point,SYNTHETIC_MVP_SPATIALIZED,Replace with official station/grid observations before ML validation
2026-08-01,2026,8,August,93,KMC Ward 93,22.535153,88.33513,339.9,28,71.7,Very High,ward_representative_point,SYNTHETIC_MVP_SPATIALIZED,Replace with official station/grid observations before ML validation
2025-09-01,2025,9,September,94,KMC Ward 94,22.517249,88.320989,282,24,99.2,High,ward_representative_point,SYNTHETIC_MVP_SPATIALIZED,Replace with official station/grid observations before ML validation
2025-10-01,2025,10,October,94,KMC Ward 94,22.517249,88.320989,158.3,11,66.2,High,ward_representative_point,SYNTHETIC_MVP_SPATIALIZED,Replace with official station/grid observations before ML validation
2025-11-01,2025,11,November,94,KMC Ward 94,22.517249,88.320989,34.2,3,14.2,Low,ward_representative_point,SYNTHETIC_MVP_SPATIALIZED,Replace with official station/grid observations before ML validation
2025-12-01,2025,12,December,94,KMC Ward 94,22.517249,88.320989,11.9,2,3,Very Low,ward_representative_point,SYNTHETIC_MVP_SPATIALIZED,Replace with official station/grid observations before ML validation
2026-01-01,2026,1,January,94,KMC Ward 94,22.517249,88.320989,10.9,3,4.5,Very Low,ward_representative_point,SYNTHETIC_MVP_SPATIALIZED,Replace with official station/grid observations before ML validation
2026-02-01,2026,2,February,94,KMC Ward 94,22.517249,88.320989,18.8,2,7.4,Very Low,ward_representative_point,SYNTHETIC_MVP_SPATIALIZED,Replace with official station/grid observations before ML validation
2026-03-01,2026,3,March,94,KMC Ward 94,22.517249,88.320989,39.6,6,11.7,Low,ward_representative_point,SYNTHETIC_MVP_SPATIALIZED,Replace with official station/grid observations before ML validation
2026-04-01,2026,4,April,94,KMC Ward 94,22.517249,88.320989,73.4,7,18,Moderate,ward_representative_point,SYNTHETIC_MVP_SPATIALIZED,Replace with official station/grid observations before ML validation
2026-05-01,2026,5,May,94,KMC Ward 94,22.517249,88.320989,148.9,16,56.3,Moderate,ward_representative_point,SYNTHETIC_MVP_SPATIALIZED,Replace with official station/grid observations before ML validation
2026-06-01,2026,6,June,94,KMC Ward 94,22.517249,88.320989,259.9,22,98.2,High,ward_representative_point,SYNTHETIC_MVP_SPATIALIZED,Replace with official station/grid observations before ML validation
2026-07-01,2026,7,July,94,KMC Ward 94,22.517249,88.320989,383.8,26,83.4,Very High,ward_representative_point,SYNTHETIC_MVP_SPATIALIZED,Replace with official station/grid observations before ML validation
2026-08-01,2026,8,August,94,KMC Ward 94,22.517249,88.320989,350.1,30,104.6,Very High,ward_representative_point,SYNTHETIC_MVP_SPATIALIZED,Replace with official station/grid observations before ML validation
2025-09-01,2025,9,September,95,KMC Ward 95,22.484993,88.314869,233.3,19,52.3,High,ward_representative_point,SYNTHETIC_MVP_SPATIALIZED,Replace with official station/grid observations before ML validation
2025-10-01,2025,10,October,95,KMC Ward 95,22.484993,88.314869,143.3,13,39.8,Moderate,ward_representative_point,SYNTHETIC_MVP_SPATIALIZED,Replace with official station/grid observations before ML validation
2025-11-01,2025,11,November,95,KMC Ward 95,22.484993,88.314869,34.4,3,8.5,Low,ward_representative_point,SYNTHETIC_MVP_SPATIALIZED,Replace with official station/grid observations before ML validation
2025-12-01,2025,12,December,95,KMC Ward 95,22.484993,88.314869,13.6,3,2.8,Very Low,ward_representative_point,SYNTHETIC_MVP_SPATIALIZED,Replace with official station/grid observations before ML validation
2026-01-01,2026,1,January,95,KMC Ward 95,22.484993,88.314869,9.5,0,4.2,Very Low,ward_representative_point,SYNTHETIC_MVP_SPATIALIZED,Replace with official station/grid observations before ML validation
2026-02-01,2026,2,February,95,KMC Ward 95,22.484993,88.314869,22.3,5,6.9,Low,ward_representative_point,SYNTHETIC_MVP_SPATIALIZED,Replace with official station/grid observations before ML validation
2026-03-01,2026,3,March,95,KMC Ward 95,22.484993,88.314869,35.1,6,15.4,Low,ward_representative_point,SYNTHETIC_MVP_SPATIALIZED,Replace with official station/grid observations before ML validation
2026-04-01,2026,4,April,95,KMC Ward 95,22.484993,88.314869,59.6,1,19,Moderate,ward_representative_point,SYNTHETIC_MVP_SPATIALIZED,Replace with official station/grid observations before ML validation
2026-05-01,2026,5,May,95,KMC Ward 95,22.484993,88.314869,122.4,9,50.3,Moderate,ward_representative_point,SYNTHETIC_MVP_SPATIALIZED,Replace with official station/grid observations before ML validation
2026-06-01,2026,6,June,95,KMC Ward 95,22.484993,88.314869,246,22,66.8,High,ward_representative_point,SYNTHETIC_MVP_SPATIALIZED,Replace with official station/grid observations before ML validation
2026-07-01,2026,7,July,95,KMC Ward 95,22.484993,88.314869,414.2,31,136.2,Very High,ward_representative_point,SYNTHETIC_MVP_SPATIALIZED,Replace with official station/grid observations before ML validation
2026-08-01,2026,8,August,95,KMC Ward 95,22.484993,88.314869,232.2,20,83.5,High,ward_representative_point,SYNTHETIC_MVP_SPATIALIZED,Replace with official station/grid observations before ML validation
2025-09-01,2025,9,September,96,KMC Ward 96,22.544135,88.345583,307.7,25,90.7,Very High,ward_representative_point,SYNTHETIC_MVP_SPATIALIZED,Replace with official station/grid observations before ML validation
2025-10-01,2025,10,October,96,KMC Ward 96,22.544135,88.345583,161.2,11,50.3,High,ward_representative_point,SYNTHETIC_MVP_SPATIALIZED,Replace with official station/grid observations before ML validation
2025-11-01,2025,11,November,96,KMC Ward 96,22.544135,88.345583,27.6,4,11.5,Low,ward_representative_point,SYNTHETIC_MVP_SPATIALIZED,Replace with official station/grid observations before ML validation
2025-12-01,2025,12,December,96,KMC Ward 96,22.544135,88.345583,16.5,2,5.5,Very Low,ward_representative_point,SYNTHETIC_MVP_SPATIALIZED,Replace with official station/grid observations before ML validation
2026-01-01,2026,1,January,96,KMC Ward 96,22.544135,88.345583,9.9,0,3.2,Very Low,ward_representative_point,SYNTHETIC_MVP_SPATIALIZED,Replace with official station/grid observations before ML validation
2026-02-01,2026,2,February,96,KMC Ward 96,22.544135,88.345583,16,1,5.8,Very Low,ward_representative_point,SYNTHETIC_MVP_SPATIALIZED,Replace with official station/grid observations before ML validation
2026-03-01,2026,3,March,96,KMC Ward 96,22.544135,88.345583,40.8,4,18.4,Low,ward_representative_point,SYNTHETIC_MVP_SPATIALIZED,Replace with official station/grid observations before ML validation
2026-04-01,2026,4,April,96,KMC Ward 96,22.544135,88.345583,61.4,5,20.2,Moderate,ward_representative_point,SYNTHETIC_MVP_SPATIALIZED,Replace with official station/grid observations before ML validation
2026-05-01,2026,5,May,96,KMC Ward 96,22.544135,88.345583,97,7,40.9,Moderate,ward_representative_point,SYNTHETIC_MVP_SPATIALIZED,Replace with official station/grid observations before ML validation
2026-06-01,2026,6,June,96,KMC Ward 96,22.544135,88.345583,322.5,28,77.5,Very High,ward_representative_point,SYNTHETIC_MVP_SPATIALIZED,Replace with official station/grid observations before ML validation
2026-07-01,2026,7,July,96,KMC Ward 96,22.544135,88.345583,276.8,23,75.9,High,ward_representative_point,SYNTHETIC_MVP_SPATIALIZED,Replace with official station/grid observations before ML validation
2026-08-01,2026,8,August,96,KMC Ward 96,22.544135,88.345583,337.4,27,76.1,Very High,ward_representative_point,SYNTHETIC_MVP_SPATIALIZED,Replace with official station/grid observations before ML validation
2025-09-01,2025,9,September,97,KMC Ward 97,22.527506,88.339387,222.3,18,85.2,High,ward_representative_point,SYNTHETIC_MVP_SPATIALIZED,Replace with official station/grid observations before ML validation
2025-10-01,2025,10,October,97,KMC Ward 97,22.527506,88.339387,137.3,12,36.1,Moderate,ward_representative_point,SYNTHETIC_MVP_SPATIALIZED,Replace with official station/grid observations before ML validation
2025-11-01,2025,11,November,97,KMC Ward 97,22.527506,88.339387,43.2,4,14.8,Low,ward_representative_point,SYNTHETIC_MVP_SPATIALIZED,Replace with official station/grid observations before ML validation
2025-12-01,2025,12,December,97,KMC Ward 97,22.527506,88.339387,10,2,3.6,Very Low,ward_representative_point,SYNTHETIC_MVP_SPATIALIZED,Replace with official station/grid observations before ML validation
2026-01-01,2026,1,January,97,KMC Ward 97,22.527506,88.339387,9.5,0,2,Very Low,ward_representative_point,SYNTHETIC_MVP_SPATIALIZED,Replace with official station/grid observations before ML validation
2026-02-01,2026,2,February,97,KMC Ward 97,22.527506,88.339387,19,3,5.7,Very Low,ward_representative_point,SYNTHETIC_MVP_SPATIALIZED,Replace with official station/grid observations before ML validation
2026-03-01,2026,3,March,97,KMC Ward 97,22.527506,88.339387,30,0,12.8,Low,ward_representative_point,SYNTHETIC_MVP_SPATIALIZED,Replace with official station/grid observations before ML validation
2026-04-01,2026,4,April,97,KMC Ward 97,22.527506,88.339387,72.7,8,21.2,Moderate,ward_representative_point,SYNTHETIC_MVP_SPATIALIZED,Replace with official station/grid observations before ML validation
2026-05-01,2026,5,May,97,KMC Ward 97,22.527506,88.339387,165.5,14,45,High,ward_representative_point,SYNTHETIC_MVP_SPATIALIZED,Replace with official station/grid observations before ML validation
2026-06-01,2026,6,June,97,KMC Ward 97,22.527506,88.339387,181.8,14,56.8,High,ward_representative_point,SYNTHETIC_MVP_SPATIALIZED,Replace with official station/grid observations before ML validation
2026-07-01,2026,7,July,97,KMC Ward 97,22.527506,88.339387,379.9,31,150.8,Very High,ward_representative_point,SYNTHETIC_MVP_SPATIALIZED,Replace with official station/grid observations before ML validation
2026-08-01,2026,8,August,97,KMC Ward 97,22.527506,88.339387,291.1,24,89.3,High,ward_representative_point,SYNTHETIC_MVP_SPATIALIZED,Replace with official station/grid observations before ML validation
2025-09-01,2025,9,September,98,KMC Ward 98,22.506517,88.327929,300.8,25,62.5,Very High,ward_representative_point,SYNTHETIC_MVP_SPATIALIZED,Replace with official station/grid observations before ML validation
2025-10-01,2025,10,October,98,KMC Ward 98,22.506517,88.327929,209.9,20,80.1,High,ward_representative_point,SYNTHETIC_MVP_SPATIALIZED,Replace with official station/grid observations before ML validation
2025-11-01,2025,11,November,98,KMC Ward 98,22.506517,88.327929,27.2,0,11.3,Low,ward_representative_point,SYNTHETIC_MVP_SPATIALIZED,Replace with official station/grid observations before ML validation
2025-12-01,2025,12,December,98,KMC Ward 98,22.506517,88.327929,12.5,0,3.1,Very Low,ward_representative_point,SYNTHETIC_MVP_SPATIALIZED,Replace with official station/grid observations before ML validation
2026-01-01,2026,1,January,98,KMC Ward 98,22.506517,88.327929,13.1,2,3.5,Very Low,ward_representative_point,SYNTHETIC_MVP_SPATIALIZED,Replace with official station/grid observations before ML validation
2026-02-01,2026,2,February,98,KMC Ward 98,22.506517,88.327929,15,3,6.7,Very Low,ward_representative_point,SYNTHETIC_MVP_SPATIALIZED,Replace with official station/grid observations before ML validation
2026-03-01,2026,3,March,98,KMC Ward 98,22.506517,88.327929,57,5,20.4,Moderate,ward_representative_point,SYNTHETIC_MVP_SPATIALIZED,Replace with official station/grid observations before ML validation
2026-04-01,2026,4,April,98,KMC Ward 98,22.506517,88.327929,80.8,4,29.5,Moderate,ward_representative_point,SYNTHETIC_MVP_SPATIALIZED,Replace with official station/grid observations before ML validation
2026-05-01,2026,5,May,98,KMC Ward 98,22.506517,88.327929,153.3,14,42.8,High,ward_representative_point,SYNTHETIC_MVP_SPATIALIZED,Replace with official station/grid observations before ML validation
2026-06-01,2026,6,June,98,KMC Ward 98,22.506517,88.327929,301,23,119.1,Very High,ward_representative_point,SYNTHETIC_MVP_SPATIALIZED,Replace with official station/grid observations before ML validation
2026-07-01,2026,7,July,98,KMC Ward 98,22.506517,88.327929,474,31,173.4,Very High,ward_representative_point,SYNTHETIC_MVP_SPATIALIZED,Replace with official station/grid observations before ML validation
2026-08-01,2026,8,August,98,KMC Ward 98,22.506517,88.327929,305.2,23,97.2,Very High,ward_representative_point,SYNTHETIC_MVP_SPATIALIZED,Replace with official station/grid observations before ML validation
2025-09-01,2025,9,September,99,KMC Ward 99,22.481721,88.329223,180.1,15,40.5,High,ward_representative_point,SYNTHETIC_MVP_SPATIALIZED,Replace with official station/grid observations before ML validation
2025-10-01,2025,10,October,99,KMC Ward 99,22.481721,88.329223,173,18,62.3,High,ward_representative_point,SYNTHETIC_MVP_SPATIALIZED,Replace with official station/grid observations before ML validation
2025-11-01,2025,11,November,99,KMC Ward 99,22.481721,88.329223,38.7,4,8.1,Low,ward_representative_point,SYNTHETIC_MVP_SPATIALIZED,Replace with official station/grid observations before ML validation
2025-12-01,2025,12,December,99,KMC Ward 99,22.481721,88.329223,13.1,6,2.7,Very Low,ward_representative_point,SYNTHETIC_MVP_SPATIALIZED,Replace with official station/grid observations before ML validation
2026-01-01,2026,1,January,99,KMC Ward 99,22.481721,88.329223,13.1,4,5.8,Very Low,ward_representative_point,SYNTHETIC_MVP_SPATIALIZED,Replace with official station/grid observations before ML validation
2026-02-01,2026,2,February,99,KMC Ward 99,22.481721,88.329223,18.1,2,8.1,Very Low,ward_representative_point,SYNTHETIC_MVP_SPATIALIZED,Replace with official station/grid observations before ML validation
2026-03-01,2026,3,March,99,KMC Ward 99,22.481721,88.329223,27.6,1,9.8,Low,ward_representative_point,SYNTHETIC_MVP_SPATIALIZED,Replace with official station/grid observations before ML validation
2026-04-01,2026,4,April,99,KMC Ward 99,22.481721,88.329223,34.7,4,14,Low,ward_representative_point,SYNTHETIC_MVP_SPATIALIZED,Replace with official station/grid observations before ML validation
2026-05-01,2026,5,May,99,KMC Ward 99,22.481721,88.329223,107.2,6,25.2,Moderate,ward_representative_point,SYNTHETIC_MVP_SPATIALIZED,Replace with official station/grid observations before ML validation
2026-06-01,2026,6,June,99,KMC Ward 99,22.481721,88.329223,184,15,67,High,ward_representative_point,SYNTHETIC_MVP_SPATIALIZED,Replace with official station/grid observations before ML validation
2026-07-01,2026,7,July,99,KMC Ward 99,22.481721,88.329223,225.9,20,75.8,High,ward_representative_point,SYNTHETIC_MVP_SPATIALIZED,Replace with official station/grid observations before ML validation
2026-08-01,2026,8,August,99,KMC Ward 99,22.481721,88.329223,157,13,64.9,High,ward_representative_point,SYNTHETIC_MVP_SPATIALIZED,Replace with official station/grid observations before ML validation
2025-09-01,2025,9,September,100,KMC Ward 100,22.53824,88.351977,301.9,22,79.9,Very High,ward_representative_point,SYNTHETIC_MVP_SPATIALIZED,Replace with official station/grid observations before ML validation
2025-10-01,2025,10,October,100,KMC Ward 100,22.53824,88.351977,133,10,39,Moderate,ward_representative_point,SYNTHETIC_MVP_SPATIALIZED,Replace with official station/grid observations before ML validation
2025-11-01,2025,11,November,100,KMC Ward 100,22.53824,88.351977,42.1,4,10.6,Low,ward_representative_point,SYNTHETIC_MVP_SPATIALIZED,Replace with official station/grid observations before ML validation
2025-12-01,2025,12,December,100,KMC Ward 100,22.53824,88.351977,20.3,3,7.6,Low,ward_representative_point,SYNTHETIC_MVP_SPATIALIZED,Replace with official station/grid observations before ML validation
2026-01-01,2026,1,January,100,KMC Ward 100,22.53824,88.351977,11.9,2,3.9,Very Low,ward_representative_point,SYNTHETIC_MVP_SPATIALIZED,Replace with official station/grid observations before ML validation
2026-02-01,2026,2,February,100,KMC Ward 100,22.53824,88.351977,27.4,0,8,Low,ward_representative_point,SYNTHETIC_MVP_SPATIALIZED,Replace with official station/grid observations before ML validation
2026-03-01,2026,3,March,100,KMC Ward 100,22.53824,88.351977,46.6,0,18.1,Low,ward_representative_point,SYNTHETIC_MVP_SPATIALIZED,Replace with official station/grid observations before ML validation
2026-04-01,2026,4,April,100,KMC Ward 100,22.53824,88.351977,90.2,9,34.5,Moderate,ward_representative_point,SYNTHETIC_MVP_SPATIALIZED,Replace with official station/grid observations before ML validation
2026-05-01,2026,5,May,100,KMC Ward 100,22.53824,88.351977,119.4,7,27.3,Moderate,ward_representative_point,SYNTHETIC_MVP_SPATIALIZED,Replace with official station/grid observations before ML validation
2026-06-01,2026,6,June,100,KMC Ward 100,22.53824,88.351977,314.2,25,87.3,Very High,ward_representative_point,SYNTHETIC_MVP_SPATIALIZED,Replace with official station/grid observations before ML validation
2026-07-01,2026,7,July,100,KMC Ward 100,22.53824,88.351977,348,26,90.4,Very High,ward_representative_point,SYNTHETIC_MVP_SPATIALIZED,Replace with official station/grid observations before ML validation
2026-08-01,2026,8,August,100,KMC Ward 100,22.53824,88.351977,427.8,31,146.8,Very High,ward_representative_point,SYNTHETIC_MVP_SPATIALIZED,Replace with official station/grid observations before ML validation
2025-09-01,2025,9,September,101,KMC Ward 101,22.518893,88.348803,237.5,18,95.1,High,ward_representative_point,SYNTHETIC_MVP_SPATIALIZED,Replace with official station/grid observations before ML validation
2025-10-01,2025,10,October,101,KMC Ward 101,22.518893,88.348803,114,10,35.8,Moderate,ward_representative_point,SYNTHETIC_MVP_SPATIALIZED,Replace with official station/grid observations before ML validation
2025-11-01,2025,11,November,101,KMC Ward 101,22.518893,88.348803,31.1,0,10.6,Low,ward_representative_point,SYNTHETIC_MVP_SPATIALIZED,Replace with official station/grid observations before ML validation
2025-12-01,2025,12,December,101,KMC Ward 101,22.518893,88.348803,11.1,4,2.8,Very Low,ward_representative_point,SYNTHETIC_MVP_SPATIALIZED,Replace with official station/grid observations before ML validation
2026-01-01,2026,1,January,101,KMC Ward 101,22.518893,88.348803,7.1,0,2.1,Very Low,ward_representative_point,SYNTHETIC_MVP_SPATIALIZED,Replace with official station/grid observations before ML validation
2026-02-01,2026,2,February,101,KMC Ward 101,22.518893,88.348803,12.5,2,5.6,Very Low,ward_representative_point,SYNTHETIC_MVP_SPATIALIZED,Replace with official station/grid observations before ML validation
2026-03-01,2026,3,March,101,KMC Ward 101,22.518893,88.348803,26,0,9.5,Low,ward_representative_point,SYNTHETIC_MVP_SPATIALIZED,Replace with official station/grid observations before ML validation
2026-04-01,2026,4,April,101,KMC Ward 101,22.518893,88.348803,51.8,3,16.2,Moderate,ward_representative_point,SYNTHETIC_MVP_SPATIALIZED,Replace with official station/grid observations before ML validation
2026-05-01,2026,5,May,101,KMC Ward 101,22.518893,88.348803,125.4,9,31.5,Moderate,ward_representative_point,SYNTHETIC_MVP_SPATIALIZED,Replace with official station/grid observations before ML validation
2026-06-01,2026,6,June,101,KMC Ward 101,22.518893,88.348803,318.6,23,87.4,Very High,ward_representative_point,SYNTHETIC_MVP_SPATIALIZED,Replace with official station/grid observations before ML validation
2026-07-01,2026,7,July,101,KMC Ward 101,22.518893,88.348803,307.1,28,126.2,Very High,ward_representative_point,SYNTHETIC_MVP_SPATIALIZED,Replace with official station/grid observations before ML validation
2026-08-01,2026,8,August,101,KMC Ward 101,22.518893,88.348803,240.9,19,99.7,High,ward_representative_point,SYNTHETIC_MVP_SPATIALIZED,Replace with official station/grid observations before ML validation
2025-09-01,2025,9,September,102,KMC Ward 102,22.498544,88.346046,284,25,117.5,High,ward_representative_point,SYNTHETIC_MVP_SPATIALIZED,Replace with official station/grid observations before ML validation
2025-10-01,2025,10,October,102,KMC Ward 102,22.498544,88.346046,132.6,11,50.4,Moderate,ward_representative_point,SYNTHETIC_MVP_SPATIALIZED,Replace with official station/grid observations before ML validation
2025-11-01,2025,11,November,102,KMC Ward 102,22.498544,88.346046,44.7,1,11.8,Low,ward_representative_point,SYNTHETIC_MVP_SPATIALIZED,Replace with official station/grid observations before ML validation
2025-12-01,2025,12,December,102,KMC Ward 102,22.498544,88.346046,9.5,1,2.7,Very Low,ward_representative_point,SYNTHETIC_MVP_SPATIALIZED,Replace with official station/grid observations before ML validation
2026-01-01,2026,1,January,102,KMC Ward 102,22.498544,88.346046,7.5,1,2.8,Very Low,ward_representative_point,SYNTHETIC_MVP_SPATIALIZED,Replace with official station/grid observations before ML validation
2026-02-01,2026,2,February,102,KMC Ward 102,22.498544,88.346046,21,0,8.8,Low,ward_representative_point,SYNTHETIC_MVP_SPATIALIZED,Replace with official station/grid observations before ML validation
2026-03-01,2026,3,March,102,KMC Ward 102,22.498544,88.346046,29.4,4,8.1,Low,ward_representative_point,SYNTHETIC_MVP_SPATIALIZED,Replace with official station/grid observations before ML validation
2026-04-01,2026,4,April,102,KMC Ward 102,22.498544,88.346046,71.2,0,15.4,Moderate,ward_representative_point,SYNTHETIC_MVP_SPATIALIZED,Replace with official station/grid observations before ML validation
2026-05-01,2026,5,May,102,KMC Ward 102,22.498544,88.346046,137.7,11,33.2,Moderate,ward_representative_point,SYNTHETIC_MVP_SPATIALIZED,Replace with official station/grid observations before ML validation
2026-06-01,2026,6,June,102,KMC Ward 102,22.498544,88.346046,308.7,25,133.6,Very High,ward_representative_point,SYNTHETIC_MVP_SPATIALIZED,Replace with official station/grid observations before ML validation
2026-07-01,2026,7,July,102,KMC Ward 102,22.498544,88.346046,462.3,31,153.8,Very High,ward_representative_point,SYNTHETIC_MVP_SPATIALIZED,Replace with official station/grid observations before ML validation
2026-08-01,2026,8,August,102,KMC Ward 102,22.498544,88.346046,230.9,19,91.1,High,ward_representative_point,SYNTHETIC_MVP_SPATIALIZED,Replace with official station/grid observations before ML validation
2025-09-01,2025,9,September,103,KMC Ward 103,22.553506,88.362835,214.5,17,68.3,High,ward_representative_point,SYNTHETIC_MVP_SPATIALIZED,Replace with official station/grid observations before ML validation
2025-10-01,2025,10,October,103,KMC Ward 103,22.553506,88.362835,109.7,9,32.4,Moderate,ward_representative_point,SYNTHETIC_MVP_SPATIALIZED,Replace with official station/grid observations before ML validation
2025-11-01,2025,11,November,103,KMC Ward 103,22.553506,88.362835,35.7,3,12.5,Low,ward_representative_point,SYNTHETIC_MVP_SPATIALIZED,Replace with official station/grid observations before ML validation
2025-12-01,2025,12,December,103,KMC Ward 103,22.553506,88.362835,11.6,5,3.6,Very Low,ward_representative_point,SYNTHETIC_MVP_SPATIALIZED,Replace with official station/grid observations before ML validation
2026-01-01,2026,1,January,103,KMC Ward 103,22.553506,88.362835,11.1,0,2.8,Very Low,ward_representative_point,SYNTHETIC_MVP_SPATIALIZED,Replace with official station/grid observations before ML validation
2026-02-01,2026,2,February,103,KMC Ward 103,22.553506,88.362835,22.9,2,6.4,Low,ward_representative_point,SYNTHETIC_MVP_SPATIALIZED,Replace with official station/grid observations before ML validation
2026-03-01,2026,3,March,103,KMC Ward 103,22.553506,88.362835,43.5,3,13.8,Low,ward_representative_point,SYNTHETIC_MVP_SPATIALIZED,Replace with official station/grid observations before ML validation
2026-04-01,2026,4,April,103,KMC Ward 103,22.553506,88.362835,69.8,5,27.9,Moderate,ward_representative_point,SYNTHETIC_MVP_SPATIALIZED,Replace with official station/grid observations before ML validation
2026-05-01,2026,5,May,103,KMC Ward 103,22.553506,88.362835,107.6,6,42.7,Moderate,ward_representative_point,SYNTHETIC_MVP_SPATIALIZED,Replace with official station/grid observations before ML validation
2026-06-01,2026,6,June,103,KMC Ward 103,22.553506,88.362835,290.3,22,111,High,ward_representative_point,SYNTHETIC_MVP_SPATIALIZED,Replace with official station/grid observations before ML validation
2026-07-01,2026,7,July,103,KMC Ward 103,22.553506,88.362835,195.5,15,72.1,High,ward_representative_point,SYNTHETIC_MVP_SPATIALIZED,Replace with official station/grid observations before ML validation
2026-08-01,2026,8,August,103,KMC Ward 103,22.553506,88.362835,296,26,125.4,High,ward_representative_point,SYNTHETIC_MVP_SPATIALIZED,Replace with official station/grid observations before ML validation
2025-09-01,2025,9,September,104,KMC Ward 104,22.531391,88.360641,255.3,23,61.6,High,ward_representative_point,SYNTHETIC_MVP_SPATIALIZED,Replace with official station/grid observations before ML validation
2025-10-01,2025,10,October,104,KMC Ward 104,22.531391,88.360641,209.2,17,56.9,High,ward_representative_point,SYNTHETIC_MVP_SPATIALIZED,Replace with official station/grid observations before ML validation
2025-11-01,2025,11,November,104,KMC Ward 104,22.531391,88.360641,39.5,1,13.1,Low,ward_representative_point,SYNTHETIC_MVP_SPATIALIZED,Replace with official station/grid observations before ML validation
2025-12-01,2025,12,December,104,KMC Ward 104,22.531391,88.360641,9.2,0,1.9,Very Low,ward_representative_point,SYNTHETIC_MVP_SPATIALIZED,Replace with official station/grid observations before ML validation
2026-01-01,2026,1,January,104,KMC Ward 104,22.531391,88.360641,12.8,0,4.8,Very Low,ward_representative_point,SYNTHETIC_MVP_SPATIALIZED,Replace with official station/grid observations before ML validation
2026-02-01,2026,2,February,104,KMC Ward 104,22.531391,88.360641,22.4,1,8.4,Low,ward_representative_point,SYNTHETIC_MVP_SPATIALIZED,Replace with official station/grid observations before ML validation
2026-03-01,2026,3,March,104,KMC Ward 104,22.531391,88.360641,53.4,4,24,Moderate,ward_representative_point,SYNTHETIC_MVP_SPATIALIZED,Replace with official station/grid observations before ML validation
2026-04-01,2026,4,April,104,KMC Ward 104,22.531391,88.360641,68.2,3,24.7,Moderate,ward_representative_point,SYNTHETIC_MVP_SPATIALIZED,Replace with official station/grid observations before ML validation
2026-05-01,2026,5,May,104,KMC Ward 104,22.531391,88.360641,117.9,11,40.1,Moderate,ward_representative_point,SYNTHETIC_MVP_SPATIALIZED,Replace with official station/grid observations before ML validation
2026-06-01,2026,6,June,104,KMC Ward 104,22.531391,88.360641,324.5,29,116.7,Very High,ward_representative_point,SYNTHETIC_MVP_SPATIALIZED,Replace with official station/grid observations before ML validation
2026-07-01,2026,7,July,104,KMC Ward 104,22.531391,88.360641,424.2,31,143.2,Very High,ward_representative_point,SYNTHETIC_MVP_SPATIALIZED,Replace with official station/grid observations before ML validation
2026-08-01,2026,8,August,104,KMC Ward 104,22.531391,88.360641,470.1,31,203.4,Very High,ward_representative_point,SYNTHETIC_MVP_SPATIALIZED,Replace with official station/grid observations before ML validation
2025-09-01,2025,9,September,105,KMC Ward 105,22.514905,88.35886,342.6,28,108.1,Very High,ward_representative_point,SYNTHETIC_MVP_SPATIALIZED,Replace with official station/grid observations before ML validation
2025-10-01,2025,10,October,105,KMC Ward 105,22.514905,88.35886,126.4,10,51.5,Moderate,ward_representative_point,SYNTHETIC_MVP_SPATIALIZED,Replace with official station/grid observations before ML validation
2025-11-01,2025,11,November,105,KMC Ward 105,22.514905,88.35886,37.6,2,14.2,Low,ward_representative_point,SYNTHETIC_MVP_SPATIALIZED,Replace with official station/grid observations before ML validation
2025-12-01,2025,12,December,105,KMC Ward 105,22.514905,88.35886,12.2,1,3.6,Very Low,ward_representative_point,SYNTHETIC_MVP_SPATIALIZED,Replace with official station/grid observations before ML validation
2026-01-01,2026,1,January,105,KMC Ward 105,22.514905,88.35886,8.5,1,2.2,Very Low,ward_representative_point,SYNTHETIC_MVP_SPATIALIZED,Replace with official station/grid observations before ML validation
2026-02-01,2026,2,February,105,KMC Ward 105,22.514905,88.35886,19.9,4,5.5,Very Low,ward_representative_point,SYNTHETIC_MVP_SPATIALIZED,Replace with official station/grid observations before ML validation
2026-03-01,2026,3,March,105,KMC Ward 105,22.514905,88.35886,37.2,5,12.3,Low,ward_representative_point,SYNTHETIC_MVP_SPATIALIZED,Replace with official station/grid observations before ML validation
2026-04-01,2026,4,April,105,KMC Ward 105,22.514905,88.35886,63.8,2,16.9,Moderate,ward_representative_point,SYNTHETIC_MVP_SPATIALIZED,Replace with official station/grid observations before ML validation
2026-05-01,2026,5,May,105,KMC Ward 105,22.514905,88.35886,150.1,14,44.5,High,ward_representative_point,SYNTHETIC_MVP_SPATIALIZED,Replace with official station/grid observations before ML validation
2026-06-01,2026,6,June,105,KMC Ward 105,22.514905,88.35886,369,28,134,Very High,ward_representative_point,SYNTHETIC_MVP_SPATIALIZED,Replace with official station/grid observations before ML validation
2026-07-01,2026,7,July,105,KMC Ward 105,22.514905,88.35886,488.1,31,158.5,Very High,ward_representative_point,SYNTHETIC_MVP_SPATIALIZED,Replace with official station/grid observations before ML validation
2026-08-01,2026,8,August,105,KMC Ward 105,22.514905,88.35886,238,19,80.8,High,ward_representative_point,SYNTHETIC_MVP_SPATIALIZED,Replace with official station/grid observations before ML validation
2025-09-01,2025,9,September,106,KMC Ward 106,22.491612,88.361948,205,18,91.3,High,ward_representative_point,SYNTHETIC_MVP_SPATIALIZED,Replace with official station/grid observations before ML validation
2025-10-01,2025,10,October,106,KMC Ward 106,22.491612,88.361948,157.8,10,63,High,ward_representative_point,SYNTHETIC_MVP_SPATIALIZED,Replace with official station/grid observations before ML validation
2025-11-01,2025,11,November,106,KMC Ward 106,22.491612,88.361948,23.2,2,8.1,Low,ward_representative_point,SYNTHETIC_MVP_SPATIALIZED,Replace with official station/grid observations before ML validation
2025-12-01,2025,12,December,106,KMC Ward 106,22.491612,88.361948,10.8,2,2.6,Very Low,ward_representative_point,SYNTHETIC_MVP_SPATIALIZED,Replace with official station/grid observations before ML validation
2026-01-01,2026,1,January,106,KMC Ward 106,22.491612,88.361948,8,0,3.5,Very Low,ward_representative_point,SYNTHETIC_MVP_SPATIALIZED,Replace with official station/grid observations before ML validation
2026-02-01,2026,2,February,106,KMC Ward 106,22.491612,88.361948,22.3,0,9.9,Low,ward_representative_point,SYNTHETIC_MVP_SPATIALIZED,Replace with official station/grid observations before ML validation
2026-03-01,2026,3,March,106,KMC Ward 106,22.491612,88.361948,44,0,10.9,Low,ward_representative_point,SYNTHETIC_MVP_SPATIALIZED,Replace with official station/grid observations before ML validation
2026-04-01,2026,4,April,106,KMC Ward 106,22.491612,88.361948,50.7,7,11.7,Moderate,ward_representative_point,SYNTHETIC_MVP_SPATIALIZED,Replace with official station/grid observations before ML validation
2026-05-01,2026,5,May,106,KMC Ward 106,22.491612,88.361948,181.3,11,66.1,High,ward_representative_point,SYNTHETIC_MVP_SPATIALIZED,Replace with official station/grid observations before ML validation
2026-06-01,2026,6,June,106,KMC Ward 106,22.491612,88.361948,226.6,17,93.4,High,ward_representative_point,SYNTHETIC_MVP_SPATIALIZED,Replace with official station/grid observations before ML validation
2026-07-01,2026,7,July,106,KMC Ward 106,22.491612,88.361948,396.1,31,120.1,Very High,ward_representative_point,SYNTHETIC_MVP_SPATIALIZED,Replace with official station/grid observations before ML validation
2026-08-01,2026,8,August,106,KMC Ward 106,22.491612,88.361948,276,22,62.5,High,ward_representative_point,SYNTHETIC_MVP_SPATIALIZED,Replace with official station/grid observations before ML validation
2025-09-01,2025,9,September,107,KMC Ward 107,22.551301,88.360981,225.8,18,74.4,High,ward_representative_point,SYNTHETIC_MVP_SPATIALIZED,Replace with official station/grid observations before ML validation
2025-10-01,2025,10,October,107,KMC Ward 107,22.551301,88.360981,141.7,11,56.2,Moderate,ward_representative_point,SYNTHETIC_MVP_SPATIALIZED,Replace with official station/grid observations before ML validation
2025-11-01,2025,11,November,107,KMC Ward 107,22.551301,88.360981,37.4,2,14.1,Low,ward_representative_point,SYNTHETIC_MVP_SPATIALIZED,Replace with official station/grid observations before ML validation
2025-12-01,2025,12,December,107,KMC Ward 107,22.551301,88.360981,10.1,1,2.8,Very Low,ward_representative_point,SYNTHETIC_MVP_SPATIALIZED,Replace with official station/grid observations before ML validation
2026-01-01,2026,1,January,107,KMC Ward 107,22.551301,88.360981,6.2,1,2.3,Very Low,ward_representative_point,SYNTHETIC_MVP_SPATIALIZED,Replace with official station/grid observations before ML validation
2026-02-01,2026,2,February,107,KMC Ward 107,22.551301,88.360981,19.6,0,8.8,Very Low,ward_representative_point,SYNTHETIC_MVP_SPATIALIZED,Replace with official station/grid observations before ML validation
2026-03-01,2026,3,March,107,KMC Ward 107,22.551301,88.360981,40.9,1,10.1,Low,ward_representative_point,SYNTHETIC_MVP_SPATIALIZED,Replace with official station/grid observations before ML validation
2026-04-01,2026,4,April,107,KMC Ward 107,22.551301,88.360981,66.4,1,18.1,Moderate,ward_representative_point,SYNTHETIC_MVP_SPATIALIZED,Replace with official station/grid observations before ML validation
2026-05-01,2026,5,May,107,KMC Ward 107,22.551301,88.360981,87.7,7,30.3,Moderate,ward_representative_point,SYNTHETIC_MVP_SPATIALIZED,Replace with official station/grid observations before ML validation
2026-06-01,2026,6,June,107,KMC Ward 107,22.551301,88.360981,307.4,31,86,Very High,ward_representative_point,SYNTHETIC_MVP_SPATIALIZED,Replace with official station/grid observations before ML validation
2026-07-01,2026,7,July,107,KMC Ward 107,22.551301,88.360981,284.6,21,119.1,High,ward_representative_point,SYNTHETIC_MVP_SPATIALIZED,Replace with official station/grid observations before ML validation
2026-08-01,2026,8,August,107,KMC Ward 107,22.551301,88.360981,365.8,31,129.5,Very High,ward_representative_point,SYNTHETIC_MVP_SPATIALIZED,Replace with official station/grid observations before ML validation
2025-09-01,2025,9,September,108,KMC Ward 108,22.52914,88.366893,225.9,20,51.9,High,ward_representative_point,SYNTHETIC_MVP_SPATIALIZED,Replace with official station/grid observations before ML validation
2025-10-01,2025,10,October,108,KMC Ward 108,22.52914,88.366893,158.6,13,50.8,High,ward_representative_point,SYNTHETIC_MVP_SPATIALIZED,Replace with official station/grid observations before ML validation
2025-11-01,2025,11,November,108,KMC Ward 108,22.52914,88.366893,27.1,4,8.1,Low,ward_representative_point,SYNTHETIC_MVP_SPATIALIZED,Replace with official station/grid observations before ML validation
2025-12-01,2025,12,December,108,KMC Ward 108,22.52914,88.366893,12.2,1,4.7,Very Low,ward_representative_point,SYNTHETIC_MVP_SPATIALIZED,Replace with official station/grid observations before ML validation
2026-01-01,2026,1,January,108,KMC Ward 108,22.52914,88.366893,9.3,2,2.2,Very Low,ward_representative_point,SYNTHETIC_MVP_SPATIALIZED,Replace with official station/grid observations before ML validation
2026-02-01,2026,2,February,108,KMC Ward 108,22.52914,88.366893,23.7,3,8.2,Low,ward_representative_point,SYNTHETIC_MVP_SPATIALIZED,Replace with official station/grid observations before ML validation
2026-03-01,2026,3,March,108,KMC Ward 108,22.52914,88.366893,30.5,5,8.4,Low,ward_representative_point,SYNTHETIC_MVP_SPATIALIZED,Replace with official station/grid observations before ML validation
2026-04-01,2026,4,April,108,KMC Ward 108,22.52914,88.366893,68.2,5,30.4,Moderate,ward_representative_point,SYNTHETIC_MVP_SPATIALIZED,Replace with official station/grid observations before ML validation
2026-05-01,2026,5,May,108,KMC Ward 108,22.52914,88.366893,119.8,11,28.7,Moderate,ward_representative_point,SYNTHETIC_MVP_SPATIALIZED,Replace with official station/grid observations before ML validation
2026-06-01,2026,6,June,108,KMC Ward 108,22.52914,88.366893,347.9,31,123.1,Very High,ward_representative_point,SYNTHETIC_MVP_SPATIALIZED,Replace with official station/grid observations before ML validation
2026-07-01,2026,7,July,108,KMC Ward 108,22.52914,88.366893,335.3,30,144.2,Very High,ward_representative_point,SYNTHETIC_MVP_SPATIALIZED,Replace with official station/grid observations before ML validation
2026-08-01,2026,8,August,108,KMC Ward 108,22.52914,88.366893,377.5,31,89.8,Very High,ward_representative_point,SYNTHETIC_MVP_SPATIALIZED,Replace with official station/grid observations before ML validation
2025-09-01,2025,9,September,109,KMC Ward 109,22.5074,88.369356,130.4,11,50.3,Moderate,ward_representative_point,SYNTHETIC_MVP_SPATIALIZED,Replace with official station/grid observations before ML validation
2025-10-01,2025,10,October,109,KMC Ward 109,22.5074,88.369356,205.1,17,46.8,High,ward_representative_point,SYNTHETIC_MVP_SPATIALIZED,Replace with official station/grid observations before ML validation
2025-11-01,2025,11,November,109,KMC Ward 109,22.5074,88.369356,40.2,6,14.8,Low,ward_representative_point,SYNTHETIC_MVP_SPATIALIZED,Replace with official station/grid observations before ML validation
2025-12-01,2025,12,December,109,KMC Ward 109,22.5074,88.369356,13.4,2,2.7,Very Low,ward_representative_point,SYNTHETIC_MVP_SPATIALIZED,Replace with official station/grid observations before ML validation
2026-01-01,2026,1,January,109,KMC Ward 109,22.5074,88.369356,10.2,2,2.6,Very Low,ward_representative_point,SYNTHETIC_MVP_SPATIALIZED,Replace with official station/grid observations before ML validation
2026-02-01,2026,2,February,109,KMC Ward 109,22.5074,88.369356,26.2,0,8.8,Low,ward_representative_point,SYNTHETIC_MVP_SPATIALIZED,Replace with official station/grid observations before ML validation
2026-03-01,2026,3,March,109,KMC Ward 109,22.5074,88.369356,32.9,0,8,Low,ward_representative_point,SYNTHETIC_MVP_SPATIALIZED,Replace with official station/grid observations before ML validation
2026-04-01,2026,4,April,109,KMC Ward 109,22.5074,88.369356,74.8,3,31.8,Moderate,ward_representative_point,SYNTHETIC_MVP_SPATIALIZED,Replace with official station/grid observations before ML validation
2026-05-01,2026,5,May,109,KMC Ward 109,22.5074,88.369356,171.3,14,41.7,High,ward_representative_point,SYNTHETIC_MVP_SPATIALIZED,Replace with official station/grid observations before ML validation
2026-06-01,2026,6,June,109,KMC Ward 109,22.5074,88.369356,299.3,20,80.8,High,ward_representative_point,SYNTHETIC_MVP_SPATIALIZED,Replace with official station/grid observations before ML validation
2026-07-01,2026,7,July,109,KMC Ward 109,22.5074,88.369356,340.7,29,108.6,Very High,ward_representative_point,SYNTHETIC_MVP_SPATIALIZED,Replace with official station/grid observations before ML validation
2026-08-01,2026,8,August,109,KMC Ward 109,22.5074,88.369356,356.6,31,125.3,Very High,ward_representative_point,SYNTHETIC_MVP_SPATIALIZED,Replace with official station/grid observations before ML validation
2025-09-01,2025,9,September,110,KMC Ward 110,22.485462,88.374425,191.4,16,85.2,High,ward_representative_point,SYNTHETIC_MVP_SPATIALIZED,Replace with official station/grid observations before ML validation
2025-10-01,2025,10,October,110,KMC Ward 110,22.485462,88.374425,97.1,8,35.9,Moderate,ward_representative_point,SYNTHETIC_MVP_SPATIALIZED,Replace with official station/grid observations before ML validation
2025-11-01,2025,11,November,110,KMC Ward 110,22.485462,88.374425,37.9,6,8.1,Low,ward_representative_point,SYNTHETIC_MVP_SPATIALIZED,Replace with official station/grid observations before ML validation
2025-12-01,2025,12,December,110,KMC Ward 110,22.485462,88.374425,13.9,0,4,Very Low,ward_representative_point,SYNTHETIC_MVP_SPATIALIZED,Replace with official station/grid observations before ML validation
2026-01-01,2026,1,January,110,KMC Ward 110,22.485462,88.374425,10.7,0,4.3,Very Low,ward_representative_point,SYNTHETIC_MVP_SPATIALIZED,Replace with official station/grid observations before ML validation
2026-02-01,2026,2,February,110,KMC Ward 110,22.485462,88.374425,14.4,0,6.2,Very Low,ward_representative_point,SYNTHETIC_MVP_SPATIALIZED,Replace with official station/grid observations before ML validation
2026-03-01,2026,3,March,110,KMC Ward 110,22.485462,88.374425,44.8,4,12.2,Low,ward_representative_point,SYNTHETIC_MVP_SPATIALIZED,Replace with official station/grid observations before ML validation
2026-04-01,2026,4,April,110,KMC Ward 110,22.485462,88.374425,53.4,7,19.3,Moderate,ward_representative_point,SYNTHETIC_MVP_SPATIALIZED,Replace with official station/grid observations before ML validation
2026-05-01,2026,5,May,110,KMC Ward 110,22.485462,88.374425,147.9,10,51,Moderate,ward_representative_point,SYNTHETIC_MVP_SPATIALIZED,Replace with official station/grid observations before ML validation
2026-06-01,2026,6,June,110,KMC Ward 110,22.485462,88.374425,309.6,26,99,Very High,ward_representative_point,SYNTHETIC_MVP_SPATIALIZED,Replace with official station/grid observations before ML validation
2026-07-01,2026,7,July,110,KMC Ward 110,22.485462,88.374425,323.7,27,139.8,Very High,ward_representative_point,SYNTHETIC_MVP_SPATIALIZED,Replace with official station/grid observations before ML validation
2026-08-01,2026,8,August,110,KMC Ward 110,22.485462,88.374425,386.7,30,168.6,Very High,ward_representative_point,SYNTHETIC_MVP_SPATIALIZED,Replace with official station/grid observations before ML validation
2025-09-01,2025,9,September,111,KMC Ward 111,22.540839,88.368035,280.6,27,87.6,High,ward_representative_point,SYNTHETIC_MVP_SPATIALIZED,Replace with official station/grid observations before ML validation
2025-10-01,2025,10,October,111,KMC Ward 111,22.540839,88.368035,209.6,19,71.9,High,ward_representative_point,SYNTHETIC_MVP_SPATIALIZED,Replace with official station/grid observations before ML validation
2025-11-01,2025,11,November,111,KMC Ward 111,22.540839,88.368035,38,3,13.3,Low,ward_representative_point,SYNTHETIC_MVP_SPATIALIZED,Replace with official station/grid observations before ML validation
2025-12-01,2025,12,December,111,KMC Ward 111,22.540839,88.368035,11.6,0,4.6,Very Low,ward_representative_point,SYNTHETIC_MVP_SPATIALIZED,Replace with official station/grid observations before ML validation
2026-01-01,2026,1,January,111,KMC Ward 111,22.540839,88.368035,10.7,3,4.2,Very Low,ward_representative_point,SYNTHETIC_MVP_SPATIALIZED,Replace with official station/grid observations before ML validation
2026-02-01,2026,2,February,111,KMC Ward 111,22.540839,88.368035,22.7,0,6.8,Low,ward_representative_point,SYNTHETIC_MVP_SPATIALIZED,Replace with official station/grid observations before ML validation
2026-03-01,2026,3,March,111,KMC Ward 111,22.540839,88.368035,21.6,3,7,Low,ward_representative_point,SYNTHETIC_MVP_SPATIALIZED,Replace with official station/grid observations before ML validation
2026-04-01,2026,4,April,111,KMC Ward 111,22.540839,88.368035,69,6,21.1,Moderate,ward_representative_point,SYNTHETIC_MVP_SPATIALIZED,Replace with official station/grid observations before ML validation
2026-05-01,2026,5,May,111,KMC Ward 111,22.540839,88.368035,74.6,7,31,Moderate,ward_representative_point,SYNTHETIC_MVP_SPATIALIZED,Replace with official station/grid observations before ML validation
2026-06-01,2026,6,June,111,KMC Ward 111,22.540839,88.368035,307.8,25,106.7,Very High,ward_representative_point,SYNTHETIC_MVP_SPATIALIZED,Replace with official station/grid observations before ML validation
2026-07-01,2026,7,July,111,KMC Ward 111,22.540839,88.368035,385.2,31,160,Very High,ward_representative_point,SYNTHETIC_MVP_SPATIALIZED,Replace with official station/grid observations before ML validation
2026-08-01,2026,8,August,111,KMC Ward 111,22.540839,88.368035,340.2,27,86.9,Very High,ward_representative_point,SYNTHETIC_MVP_SPATIALIZED,Replace with official station/grid observations before ML validation
2025-09-01,2025,9,September,112,KMC Ward 112,22.524749,88.37493,184.7,15,79.7,High,ward_representative_point,SYNTHETIC_MVP_SPATIALIZED,Replace with official station/grid observations before ML validation
2025-10-01,2025,10,October,112,KMC Ward 112,22.524749,88.37493,196.5,16,77.5,High,ward_representative_point,SYNTHETIC_MVP_SPATIALIZED,Replace with official station/grid observations before ML validation
2025-11-01,2025,11,November,112,KMC Ward 112,22.524749,88.37493,23.9,1,9.3,Low,ward_representative_point,SYNTHETIC_MVP_SPATIALIZED,Replace with official station/grid observations before ML validation
2025-12-01,2025,12,December,112,KMC Ward 112,22.524749,88.37493,13,1,4.1,Very Low,ward_representative_point,SYNTHETIC_MVP_SPATIALIZED,Replace with official station/grid observations before ML validation
2026-01-01,2026,1,January,112,KMC Ward 112,22.524749,88.37493,11.5,4,3,Very Low,ward_representative_point,SYNTHETIC_MVP_SPATIALIZED,Replace with official station/grid observations before ML validation
2026-02-01,2026,2,February,112,KMC Ward 112,22.524749,88.37493,21.3,1,7.5,Low,ward_representative_point,SYNTHETIC_MVP_SPATIALIZED,Replace with official station/grid observations before ML validation
2026-03-01,2026,3,March,112,KMC Ward 112,22.524749,88.37493,47.9,0,13.7,Low,ward_representative_point,SYNTHETIC_MVP_SPATIALIZED,Replace with official station/grid observations before ML validation
2026-04-01,2026,4,April,112,KMC Ward 112,22.524749,88.37493,83.8,10,20.9,Moderate,ward_representative_point,SYNTHETIC_MVP_SPATIALIZED,Replace with official station/grid observations before ML validation
2026-05-01,2026,5,May,112,KMC Ward 112,22.524749,88.37493,96.4,7,32.3,Moderate,ward_representative_point,SYNTHETIC_MVP_SPATIALIZED,Replace with official station/grid observations before ML validation
2026-06-01,2026,6,June,112,KMC Ward 112,22.524749,88.37493,294.6,24,85.1,High,ward_representative_point,SYNTHETIC_MVP_SPATIALIZED,Replace with official station/grid observations before ML validation
2026-07-01,2026,7,July,112,KMC Ward 112,22.524749,88.37493,339.4,27,131.2,Very High,ward_representative_point,SYNTHETIC_MVP_SPATIALIZED,Replace with official station/grid observations before ML validation
2026-08-01,2026,8,August,112,KMC Ward 112,22.524749,88.37493,451.9,31,166.8,Very High,ward_representative_point,SYNTHETIC_MVP_SPATIALIZED,Replace with official station/grid observations before ML validation
2025-09-01,2025,9,September,113,KMC Ward 113,22.509023,88.38461,214.8,17,62.4,High,ward_representative_point,SYNTHETIC_MVP_SPATIALIZED,Replace with official station/grid observations before ML validation
2025-10-01,2025,10,October,113,KMC Ward 113,22.509023,88.38461,112.3,11,30.8,Moderate,ward_representative_point,SYNTHETIC_MVP_SPATIALIZED,Replace with official station/grid observations before ML validation
2025-11-01,2025,11,November,113,KMC Ward 113,22.509023,88.38461,33.4,7,13.9,Low,ward_representative_point,SYNTHETIC_MVP_SPATIALIZED,Replace with official station/grid observations before ML validation
2025-12-01,2025,12,December,113,KMC Ward 113,22.509023,88.38461,10.6,1,3.3,Very Low,ward_representative_point,SYNTHETIC_MVP_SPATIALIZED,Replace with official station/grid observations before ML validation
2026-01-01,2026,1,January,113,KMC Ward 113,22.509023,88.38461,8.1,0,3,Very Low,ward_representative_point,SYNTHETIC_MVP_SPATIALIZED,Replace with official station/grid observations before ML validation
2026-02-01,2026,2,February,113,KMC Ward 113,22.509023,88.38461,22,0,6.9,Low,ward_representative_point,SYNTHETIC_MVP_SPATIALIZED,Replace with official station/grid observations before ML validation
2026-03-01,2026,3,March,113,KMC Ward 113,22.509023,88.38461,30.9,4,13.4,Low,ward_representative_point,SYNTHETIC_MVP_SPATIALIZED,Replace with official station/grid observations before ML validation
2026-04-01,2026,4,April,113,KMC Ward 113,22.509023,88.38461,52.4,4,18.6,Moderate,ward_representative_point,SYNTHETIC_MVP_SPATIALIZED,Replace with official station/grid observations before ML validation
2026-05-01,2026,5,May,113,KMC Ward 113,22.509023,88.38461,143.9,12,59.6,Moderate,ward_representative_point,SYNTHETIC_MVP_SPATIALIZED,Replace with official station/grid observations before ML validation
2026-06-01,2026,6,June,113,KMC Ward 113,22.509023,88.38461,228.8,19,52.1,High,ward_representative_point,SYNTHETIC_MVP_SPATIALIZED,Replace with official station/grid observations before ML validation
2026-07-01,2026,7,July,113,KMC Ward 113,22.509023,88.38461,295.6,26,81.7,High,ward_representative_point,SYNTHETIC_MVP_SPATIALIZED,Replace with official station/grid observations before ML validation
2026-08-01,2026,8,August,113,KMC Ward 113,22.509023,88.38461,378,31,79.1,Very High,ward_representative_point,SYNTHETIC_MVP_SPATIALIZED,Replace with official station/grid observations before ML validation
2025-09-01,2025,9,September,114,KMC Ward 114,22.487813,88.393537,265.6,23,110.9,High,ward_representative_point,SYNTHETIC_MVP_SPATIALIZED,Replace with official station/grid observations before ML validation
2025-10-01,2025,10,October,114,KMC Ward 114,22.487813,88.393537,170.1,16,72.1,High,ward_representative_point,SYNTHETIC_MVP_SPATIALIZED,Replace with official station/grid observations before ML validation
2025-11-01,2025,11,November,114,KMC Ward 114,22.487813,88.393537,27.2,1,11,Low,ward_representative_point,SYNTHETIC_MVP_SPATIALIZED,Replace with official station/grid observations before ML validation
2025-12-01,2025,12,December,114,KMC Ward 114,22.487813,88.393537,9.8,0,3.1,Very Low,ward_representative_point,SYNTHETIC_MVP_SPATIALIZED,Replace with official station/grid observations before ML validation
2026-01-01,2026,1,January,114,KMC Ward 114,22.487813,88.393537,10,0,2,Very Low,ward_representative_point,SYNTHETIC_MVP_SPATIALIZED,Replace with official station/grid observations before ML validation
2026-02-01,2026,2,February,114,KMC Ward 114,22.487813,88.393537,15.5,2,6.2,Very Low,ward_representative_point,SYNTHETIC_MVP_SPATIALIZED,Replace with official station/grid observations before ML validation
2026-03-01,2026,3,March,114,KMC Ward 114,22.487813,88.393537,26.3,0,11.1,Low,ward_representative_point,SYNTHETIC_MVP_SPATIALIZED,Replace with official station/grid observations before ML validation
2026-04-01,2026,4,April,114,KMC Ward 114,22.487813,88.393537,60.7,6,13.1,Moderate,ward_representative_point,SYNTHETIC_MVP_SPATIALIZED,Replace with official station/grid observations before ML validation
2026-05-01,2026,5,May,114,KMC Ward 114,22.487813,88.393537,81.8,7,17,Moderate,ward_representative_point,SYNTHETIC_MVP_SPATIALIZED,Replace with official station/grid observations before ML validation
2026-06-01,2026,6,June,114,KMC Ward 114,22.487813,88.393537,222.9,19,73.7,High,ward_representative_point,SYNTHETIC_MVP_SPATIALIZED,Replace with official station/grid observations before ML validation
2026-07-01,2026,7,July,114,KMC Ward 114,22.487813,88.393537,242.4,22,100.7,High,ward_representative_point,SYNTHETIC_MVP_SPATIALIZED,Replace with official station/grid observations before ML validation
2026-08-01,2026,8,August,114,KMC Ward 114,22.487813,88.393537,193.7,17,70.4,High,ward_representative_point,SYNTHETIC_MVP_SPATIALIZED,Replace with official station/grid observations before ML validation
2025-09-01,2025,9,September,115,KMC Ward 115,22.53991,88.376287,227.5,17,55.7,High,ward_representative_point,SYNTHETIC_MVP_SPATIALIZED,Replace with official station/grid observations before ML validation
2025-10-01,2025,10,October,115,KMC Ward 115,22.53991,88.376287,144.4,13,29.7,Moderate,ward_representative_point,SYNTHETIC_MVP_SPATIALIZED,Replace with official station/grid observations before ML validation
2025-11-01,2025,11,November,115,KMC Ward 115,22.53991,88.376287,29.5,0,12.1,Low,ward_representative_point,SYNTHETIC_MVP_SPATIALIZED,Replace with official station/grid observations before ML validation
2025-12-01,2025,12,December,115,KMC Ward 115,22.53991,88.376287,13.7,0,5.7,Very Low,ward_representative_point,SYNTHETIC_MVP_SPATIALIZED,Replace with official station/grid observations before ML validation
2026-01-01,2026,1,January,115,KMC Ward 115,22.53991,88.376287,10.2,4,3.1,Very Low,ward_representative_point,SYNTHETIC_MVP_SPATIALIZED,Replace with official station/grid observations before ML validation
2026-02-01,2026,2,February,115,KMC Ward 115,22.53991,88.376287,24.9,3,9.6,Low,ward_representative_point,SYNTHETIC_MVP_SPATIALIZED,Replace with official station/grid observations before ML validation
2026-03-01,2026,3,March,115,KMC Ward 115,22.53991,88.376287,38.5,4,8.5,Low,ward_representative_point,SYNTHETIC_MVP_SPATIALIZED,Replace with official station/grid observations before ML validation
2026-04-01,2026,4,April,115,KMC Ward 115,22.53991,88.376287,41.1,4,14.9,Low,ward_representative_point,SYNTHETIC_MVP_SPATIALIZED,Replace with official station/grid observations before ML validation
2026-05-01,2026,5,May,115,KMC Ward 115,22.53991,88.376287,93.6,7,38.8,Moderate,ward_representative_point,SYNTHETIC_MVP_SPATIALIZED,Replace with official station/grid observations before ML validation
2026-06-01,2026,6,June,115,KMC Ward 115,22.53991,88.376287,250.1,20,64.1,High,ward_representative_point,SYNTHETIC_MVP_SPATIALIZED,Replace with official station/grid observations before ML validation
2026-07-01,2026,7,July,115,KMC Ward 115,22.53991,88.376287,318.2,25,104.5,Very High,ward_representative_point,SYNTHETIC_MVP_SPATIALIZED,Replace with official station/grid observations before ML validation
2026-08-01,2026,8,August,115,KMC Ward 115,22.53991,88.376287,389.5,31,94.9,Very High,ward_representative_point,SYNTHETIC_MVP_SPATIALIZED,Replace with official station/grid observations before ML validation
2025-09-01,2025,9,September,116,KMC Ward 116,22.525033,88.392364,250.3,18,99.7,High,ward_representative_point,SYNTHETIC_MVP_SPATIALIZED,Replace with official station/grid observations before ML validation
2025-10-01,2025,10,October,116,KMC Ward 116,22.525033,88.392364,173.7,15,43.4,High,ward_representative_point,SYNTHETIC_MVP_SPATIALIZED,Replace with official station/grid observations before ML validation
2025-11-01,2025,11,November,116,KMC Ward 116,22.525033,88.392364,42.5,4,11.6,Low,ward_representative_point,SYNTHETIC_MVP_SPATIALIZED,Replace with official station/grid observations before ML validation
2025-12-01,2025,12,December,116,KMC Ward 116,22.525033,88.392364,16.4,0,3.4,Very Low,ward_representative_point,SYNTHETIC_MVP_SPATIALIZED,Replace with official station/grid observations before ML validation
2026-01-01,2026,1,January,116,KMC Ward 116,22.525033,88.392364,13.4,0,3.1,Very Low,ward_representative_point,SYNTHETIC_MVP_SPATIALIZED,Replace with official station/grid observations before ML validation
2026-02-01,2026,2,February,116,KMC Ward 116,22.525033,88.392364,20.3,0,5.7,Low,ward_representative_point,SYNTHETIC_MVP_SPATIALIZED,Replace with official station/grid observations before ML validation
2026-03-01,2026,3,March,116,KMC Ward 116,22.525033,88.392364,40.2,2,14.7,Low,ward_representative_point,SYNTHETIC_MVP_SPATIALIZED,Replace with official station/grid observations before ML validation
2026-04-01,2026,4,April,116,KMC Ward 116,22.525033,88.392364,60.2,4,16.8,Moderate,ward_representative_point,SYNTHETIC_MVP_SPATIALIZED,Replace with official station/grid observations before ML validation
2026-05-01,2026,5,May,116,KMC Ward 116,22.525033,88.392364,148.3,11,53.4,Moderate,ward_representative_point,SYNTHETIC_MVP_SPATIALIZED,Replace with official station/grid observations before ML validation
2026-06-01,2026,6,June,116,KMC Ward 116,22.525033,88.392364,396.2,31,149.4,Very High,ward_representative_point,SYNTHETIC_MVP_SPATIALIZED,Replace with official station/grid observations before ML validation
2026-07-01,2026,7,July,116,KMC Ward 116,22.525033,88.392364,412.3,31,129.3,Very High,ward_representative_point,SYNTHETIC_MVP_SPATIALIZED,Replace with official station/grid observations before ML validation
2026-08-01,2026,8,August,116,KMC Ward 116,22.525033,88.392364,305,28,135,Very High,ward_representative_point,SYNTHETIC_MVP_SPATIALIZED,Replace with official station/grid observations before ML validation
2025-09-01,2025,9,September,117,KMC Ward 117,22.513449,88.404363,328.5,27,120.4,Very High,ward_representative_point,SYNTHETIC_MVP_SPATIALIZED,Replace with official station/grid observations before ML validation
2025-10-01,2025,10,October,117,KMC Ward 117,22.513449,88.404363,228.4,25,95,High,ward_representative_point,SYNTHETIC_MVP_SPATIALIZED,Replace with official station/grid observations before ML validation
2025-11-01,2025,11,November,117,KMC Ward 117,22.513449,88.404363,42.1,2,9.4,Low,ward_representative_point,SYNTHETIC_MVP_SPATIALIZED,Replace with official station/grid observations before ML validation
2025-12-01,2025,12,December,117,KMC Ward 117,22.513449,88.404363,15.4,1,5.9,Very Low,ward_representative_point,SYNTHETIC_MVP_SPATIALIZED,Replace with official station/grid observations before ML validation
2026-01-01,2026,1,January,117,KMC Ward 117,22.513449,88.404363,12.3,1,3.7,Very Low,ward_representative_point,SYNTHETIC_MVP_SPATIALIZED,Replace with official station/grid observations before ML validation
2026-02-01,2026,2,February,117,KMC Ward 117,22.513449,88.404363,22,3,7.2,Low,ward_representative_point,SYNTHETIC_MVP_SPATIALIZED,Replace with official station/grid observations before ML validation
2026-03-01,2026,3,March,117,KMC Ward 117,22.513449,88.404363,46,0,12.3,Low,ward_representative_point,SYNTHETIC_MVP_SPATIALIZED,Replace with official station/grid observations before ML validation
2026-04-01,2026,4,April,117,KMC Ward 117,22.513449,88.404363,66.6,6,18.7,Moderate,ward_representative_point,SYNTHETIC_MVP_SPATIALIZED,Replace with official station/grid observations before ML validation
2026-05-01,2026,5,May,117,KMC Ward 117,22.513449,88.404363,147.6,13,60.3,Moderate,ward_representative_point,SYNTHETIC_MVP_SPATIALIZED,Replace with official station/grid observations before ML validation
2026-06-01,2026,6,June,117,KMC Ward 117,22.513449,88.404363,369.3,31,122.4,Very High,ward_representative_point,SYNTHETIC_MVP_SPATIALIZED,Replace with official station/grid observations before ML validation
2026-07-01,2026,7,July,117,KMC Ward 117,22.513449,88.404363,426.2,31,161.4,Very High,ward_representative_point,SYNTHETIC_MVP_SPATIALIZED,Replace with official station/grid observations before ML validation
2026-08-01,2026,8,August,117,KMC Ward 117,22.513449,88.404363,297.1,23,116.8,High,ward_representative_point,SYNTHETIC_MVP_SPATIALIZED,Replace with official station/grid observations before ML validation
2025-09-01,2025,9,September,118,KMC Ward 118,22.499161,88.410463,283.8,23,107.2,High,ward_representative_point,SYNTHETIC_MVP_SPATIALIZED,Replace with official station/grid observations before ML validation
2025-10-01,2025,10,October,118,KMC Ward 118,22.499161,88.410463,150.4,13,55.7,High,ward_representative_point,SYNTHETIC_MVP_SPATIALIZED,Replace with official station/grid observations before ML validation
2025-11-01,2025,11,November,118,KMC Ward 118,22.499161,88.410463,40.2,1,9.8,Low,ward_representative_point,SYNTHETIC_MVP_SPATIALIZED,Replace with official station/grid observations before ML validation
2025-12-01,2025,12,December,118,KMC Ward 118,22.499161,88.410463,14.2,5,4.7,Very Low,ward_representative_point,SYNTHETIC_MVP_SPATIALIZED,Replace with official station/grid observations before ML validation
2026-01-01,2026,1,January,118,KMC Ward 118,22.499161,88.410463,5.4,2,1.3,Very Low,ward_representative_point,SYNTHETIC_MVP_SPATIALIZED,Replace with official station/grid observations before ML validation
2026-02-01,2026,2,February,118,KMC Ward 118,22.499161,88.410463,31.2,7,6.5,Low,ward_representative_point,SYNTHETIC_MVP_SPATIALIZED,Replace with official station/grid observations before ML validation
2026-03-01,2026,3,March,118,KMC Ward 118,22.499161,88.410463,37.2,4,14.7,Low,ward_representative_point,SYNTHETIC_MVP_SPATIALIZED,Replace with official station/grid observations before ML validation
2026-04-01,2026,4,April,118,KMC Ward 118,22.499161,88.410463,91.3,10,19.2,Moderate,ward_representative_point,SYNTHETIC_MVP_SPATIALIZED,Replace with official station/grid observations before ML validation
2026-05-01,2026,5,May,118,KMC Ward 118,22.499161,88.410463,170.6,11,47.8,High,ward_representative_point,SYNTHETIC_MVP_SPATIALIZED,Replace with official station/grid observations before ML validation
2026-06-01,2026,6,June,118,KMC Ward 118,22.499161,88.410463,229.8,21,59.1,High,ward_representative_point,SYNTHETIC_MVP_SPATIALIZED,Replace with official station/grid observations before ML validation
2026-07-01,2026,7,July,118,KMC Ward 118,22.499161,88.410463,345.5,29,113.4,Very High,ward_representative_point,SYNTHETIC_MVP_SPATIALIZED,Replace with official station/grid observations before ML validation
2026-08-01,2026,8,August,118,KMC Ward 118,22.499161,88.410463,356.8,30,91.6,Very High,ward_representative_point,SYNTHETIC_MVP_SPATIALIZED,Replace with official station/grid observations before ML validation
2025-09-01,2025,9,September,119,KMC Ward 119,22.544583,88.387165,248.4,21,68.4,High,ward_representative_point,SYNTHETIC_MVP_SPATIALIZED,Replace with official station/grid observations before ML validation
2025-10-01,2025,10,October,119,KMC Ward 119,22.544583,88.387165,171,13,37.8,High,ward_representative_point,SYNTHETIC_MVP_SPATIALIZED,Replace with official station/grid observations before ML validation
2025-11-01,2025,11,November,119,KMC Ward 119,22.544583,88.387165,28.1,1,8.9,Low,ward_representative_point,SYNTHETIC_MVP_SPATIALIZED,Replace with official station/grid observations before ML validation
2025-12-01,2025,12,December,119,KMC Ward 119,22.544583,88.387165,10.3,3,3,Very Low,ward_representative_point,SYNTHETIC_MVP_SPATIALIZED,Replace with official station/grid observations before ML validation
2026-01-01,2026,1,January,119,KMC Ward 119,22.544583,88.387165,13.4,0,5.5,Very Low,ward_representative_point,SYNTHETIC_MVP_SPATIALIZED,Replace with official station/grid observations before ML validation
2026-02-01,2026,2,February,119,KMC Ward 119,22.544583,88.387165,22.4,0,7.5,Low,ward_representative_point,SYNTHETIC_MVP_SPATIALIZED,Replace with official station/grid observations before ML validation
2026-03-01,2026,3,March,119,KMC Ward 119,22.544583,88.387165,35.8,4,13.5,Low,ward_representative_point,SYNTHETIC_MVP_SPATIALIZED,Replace with official station/grid observations before ML validation
2026-04-01,2026,4,April,119,KMC Ward 119,22.544583,88.387165,69.9,8,17.3,Moderate,ward_representative_point,SYNTHETIC_MVP_SPATIALIZED,Replace with official station/grid observations before ML validation
2026-05-01,2026,5,May,119,KMC Ward 119,22.544583,88.387165,113.8,11,32.2,Moderate,ward_representative_point,SYNTHETIC_MVP_SPATIALIZED,Replace with official station/grid observations before ML validation
2026-06-01,2026,6,June,119,KMC Ward 119,22.544583,88.387165,330.2,28,84.3,Very High,ward_representative_point,SYNTHETIC_MVP_SPATIALIZED,Replace with official station/grid observations before ML validation
2026-07-01,2026,7,July,119,KMC Ward 119,22.544583,88.387165,141,13,51.7,Moderate,ward_representative_point,SYNTHETIC_MVP_SPATIALIZED,Replace with official station/grid observations before ML validation
2026-08-01,2026,8,August,119,KMC Ward 119,22.544583,88.387165,347.2,27,154.9,Very High,ward_representative_point,SYNTHETIC_MVP_SPATIALIZED,Replace with official station/grid observations before ML validation
2025-09-01,2025,9,September,120,KMC Ward 120,22.52837,88.40547,279.7,23,99.1,High,ward_representative_point,SYNTHETIC_MVP_SPATIALIZED,Replace with official station/grid observations before ML validation
2025-10-01,2025,10,October,120,KMC Ward 120,22.52837,88.40547,159.8,13,33.8,High,ward_representative_point,SYNTHETIC_MVP_SPATIALIZED,Replace with official station/grid observations before ML validation
2025-11-01,2025,11,November,120,KMC Ward 120,22.52837,88.40547,32,8,6.8,Low,ward_representative_point,SYNTHETIC_MVP_SPATIALIZED,Replace with official station/grid observations before ML validation
2025-12-01,2025,12,December,120,KMC Ward 120,22.52837,88.40547,13.6,1,3.2,Very Low,ward_representative_point,SYNTHETIC_MVP_SPATIALIZED,Replace with official station/grid observations before ML validation
2026-01-01,2026,1,January,120,KMC Ward 120,22.52837,88.40547,11.2,3,2.7,Very Low,ward_representative_point,SYNTHETIC_MVP_SPATIALIZED,Replace with official station/grid observations before ML validation
2026-02-01,2026,2,February,120,KMC Ward 120,22.52837,88.40547,15.1,2,3.6,Very Low,ward_representative_point,SYNTHETIC_MVP_SPATIALIZED,Replace with official station/grid observations before ML validation
2026-03-01,2026,3,March,120,KMC Ward 120,22.52837,88.40547,29,1,6.4,Low,ward_representative_point,SYNTHETIC_MVP_SPATIALIZED,Replace with official station/grid observations before ML validation
2026-04-01,2026,4,April,120,KMC Ward 120,22.52837,88.40547,47,5,18.5,Low,ward_representative_point,SYNTHETIC_MVP_SPATIALIZED,Replace with official station/grid observations before ML validation
2026-05-01,2026,5,May,120,KMC Ward 120,22.52837,88.40547,133.4,7,38.2,Moderate,ward_representative_point,SYNTHETIC_MVP_SPATIALIZED,Replace with official station/grid observations before ML validation
2026-06-01,2026,6,June,120,KMC Ward 120,22.52837,88.40547,251.7,19,87.3,High,ward_representative_point,SYNTHETIC_MVP_SPATIALIZED,Replace with official station/grid observations before ML validation
2026-07-01,2026,7,July,120,KMC Ward 120,22.52837,88.40547,337,28,110.2,Very High,ward_representative_point,SYNTHETIC_MVP_SPATIALIZED,Replace with official station/grid observations before ML validation
2026-08-01,2026,8,August,120,KMC Ward 120,22.52837,88.40547,336.6,27,75.4,Very High,ward_representative_point,SYNTHETIC_MVP_SPATIALIZED,Replace with official station/grid observations before ML validation
2025-09-01,2025,9,September,121,KMC Ward 121,22.520006,88.417854,209,18,47.4,High,ward_representative_point,SYNTHETIC_MVP_SPATIALIZED,Replace with official station/grid observations before ML validation
2025-10-01,2025,10,October,121,KMC Ward 121,22.520006,88.417854,127.5,11,42.9,Moderate,ward_representative_point,SYNTHETIC_MVP_SPATIALIZED,Replace with official station/grid observations before ML validation
2025-11-01,2025,11,November,121,KMC Ward 121,22.520006,88.417854,27.9,3,7.8,Low,ward_representative_point,SYNTHETIC_MVP_SPATIALIZED,Replace with official station/grid observations before ML validation
2025-12-01,2025,12,December,121,KMC Ward 121,22.520006,88.417854,8.3,1,3.4,Very Low,ward_representative_point,SYNTHETIC_MVP_SPATIALIZED,Replace with official station/grid observations before ML validation
2026-01-01,2026,1,January,121,KMC Ward 121,22.520006,88.417854,9,0,2.2,Very Low,ward_representative_point,SYNTHETIC_MVP_SPATIALIZED,Replace with official station/grid observations before ML validation
2026-02-01,2026,2,February,121,KMC Ward 121,22.520006,88.417854,17.2,0,7,Very Low,ward_representative_point,SYNTHETIC_MVP_SPATIALIZED,Replace with official station/grid observations before ML validation
2026-03-01,2026,3,March,121,KMC Ward 121,22.520006,88.417854,28.9,3,9.3,Low,ward_representative_point,SYNTHETIC_MVP_SPATIALIZED,Replace with official station/grid observations before ML validation
2026-04-01,2026,4,April,121,KMC Ward 121,22.520006,88.417854,49,3,19,Low,ward_representative_point,SYNTHETIC_MVP_SPATIALIZED,Replace with official station/grid observations before ML validation
2026-05-01,2026,5,May,121,KMC Ward 121,22.520006,88.417854,104.5,10,28.8,Moderate,ward_representative_point,SYNTHETIC_MVP_SPATIALIZED,Replace with official station/grid observations before ML validation
2026-06-01,2026,6,June,121,KMC Ward 121,22.520006,88.417854,284.4,26,58.6,High,ward_representative_point,SYNTHETIC_MVP_SPATIALIZED,Replace with official station/grid observations before ML validation
2026-07-01,2026,7,July,121,KMC Ward 121,22.520006,88.417854,345.5,31,132.6,Very High,ward_representative_point,SYNTHETIC_MVP_SPATIALIZED,Replace with official station/grid observations before ML validation
2026-08-01,2026,8,August,121,KMC Ward 121,22.520006,88.417854,268.1,22,111.6,High,ward_representative_point,SYNTHETIC_MVP_SPATIALIZED,Replace with official station/grid observations before ML validation
2025-09-01,2025,9,September,122,KMC Ward 122,22.559725,88.374316,181.5,16,59.5,High,ward_representative_point,SYNTHETIC_MVP_SPATIALIZED,Replace with official station/grid observations before ML validation
2025-10-01,2025,10,October,122,KMC Ward 122,22.559725,88.374316,157.3,15,51.1,High,ward_representative_point,SYNTHETIC_MVP_SPATIALIZED,Replace with official station/grid observations before ML validation
2025-11-01,2025,11,November,122,KMC Ward 122,22.559725,88.374316,37.2,2,13.1,Low,ward_representative_point,SYNTHETIC_MVP_SPATIALIZED,Replace with official station/grid observations before ML validation
2025-12-01,2025,12,December,122,KMC Ward 122,22.559725,88.374316,10.5,3,3.9,Very Low,ward_representative_point,SYNTHETIC_MVP_SPATIALIZED,Replace with official station/grid observations before ML validation
2026-01-01,2026,1,January,122,KMC Ward 122,22.559725,88.374316,4.9,1,1.5,Very Low,ward_representative_point,SYNTHETIC_MVP_SPATIALIZED,Replace with official station/grid observations before ML validation
2026-02-01,2026,2,February,122,KMC Ward 122,22.559725,88.374316,9,2,2.6,Very Low,ward_representative_point,SYNTHETIC_MVP_SPATIALIZED,Replace with official station/grid observations before ML validation
2026-03-01,2026,3,March,122,KMC Ward 122,22.559725,88.374316,36.4,4,12.1,Low,ward_representative_point,SYNTHETIC_MVP_SPATIALIZED,Replace with official station/grid observations before ML validation
2026-04-01,2026,4,April,122,KMC Ward 122,22.559725,88.374316,59.8,7,18.3,Moderate,ward_representative_point,SYNTHETIC_MVP_SPATIALIZED,Replace with official station/grid observations before ML validation
2026-05-01,2026,5,May,122,KMC Ward 122,22.559725,88.374316,115.3,11,43.4,Moderate,ward_representative_point,SYNTHETIC_MVP_SPATIALIZED,Replace with official station/grid observations before ML validation
2026-06-01,2026,6,June,122,KMC Ward 122,22.559725,88.374316,263.6,23,67.4,High,ward_representative_point,SYNTHETIC_MVP_SPATIALIZED,Replace with official station/grid observations before ML validation
2026-07-01,2026,7,July,122,KMC Ward 122,22.559725,88.374316,353.4,29,141.5,Very High,ward_representative_point,SYNTHETIC_MVP_SPATIALIZED,Replace with official station/grid observations before ML validation
2026-08-01,2026,8,August,122,KMC Ward 122,22.559725,88.374316,234.4,18,78.5,High,ward_representative_point,SYNTHETIC_MVP_SPATIALIZED,Replace with official station/grid observations before ML validation
2025-09-01,2025,9,September,123,KMC Ward 123,22.540105,88.395631,220,18,96.6,High,ward_representative_point,SYNTHETIC_MVP_SPATIALIZED,Replace with official station/grid observations before ML validation
2025-10-01,2025,10,October,123,KMC Ward 123,22.540105,88.395631,148.4,13,56.6,Moderate,ward_representative_point,SYNTHETIC_MVP_SPATIALIZED,Replace with official station/grid observations before ML validation
2025-11-01,2025,11,November,123,KMC Ward 123,22.540105,88.395631,39.2,3,9.7,Low,ward_representative_point,SYNTHETIC_MVP_SPATIALIZED,Replace with official station/grid observations before ML validation
2025-12-01,2025,12,December,123,KMC Ward 123,22.540105,88.395631,9.6,0,3.1,Very Low,ward_representative_point,SYNTHETIC_MVP_SPATIALIZED,Replace with official station/grid observations before ML validation
2026-01-01,2026,1,January,123,KMC Ward 123,22.540105,88.395631,7.5,2,1.7,Very Low,ward_representative_point,SYNTHETIC_MVP_SPATIALIZED,Replace with official station/grid observations before ML validation
2026-02-01,2026,2,February,123,KMC Ward 123,22.540105,88.395631,21.4,2,7.4,Low,ward_representative_point,SYNTHETIC_MVP_SPATIALIZED,Replace with official station/grid observations before ML validation
2026-03-01,2026,3,March,123,KMC Ward 123,22.540105,88.395631,27.2,2,7.5,Low,ward_representative_point,SYNTHETIC_MVP_SPATIALIZED,Replace with official station/grid observations before ML validation
2026-04-01,2026,4,April,123,KMC Ward 123,22.540105,88.395631,53.1,7,19.5,Moderate,ward_representative_point,SYNTHETIC_MVP_SPATIALIZED,Replace with official station/grid observations before ML validation
2026-05-01,2026,5,May,123,KMC Ward 123,22.540105,88.395631,133.9,13,48.1,Moderate,ward_representative_point,SYNTHETIC_MVP_SPATIALIZED,Replace with official station/grid observations before ML validation
2026-06-01,2026,6,June,123,KMC Ward 123,22.540105,88.395631,285.8,24,70.6,High,ward_representative_point,SYNTHETIC_MVP_SPATIALIZED,Replace with official station/grid observations before ML validation
2026-07-01,2026,7,July,123,KMC Ward 123,22.540105,88.395631,319.9,28,90.9,Very High,ward_representative_point,SYNTHETIC_MVP_SPATIALIZED,Replace with official station/grid observations before ML validation
2026-08-01,2026,8,August,123,KMC Ward 123,22.540105,88.395631,260.4,22,69.8,High,ward_representative_point,SYNTHETIC_MVP_SPATIALIZED,Replace with official station/grid observations before ML validation
2025-09-01,2025,9,September,124,KMC Ward 124,22.530168,88.406849,234.2,20,100.4,High,ward_representative_point,SYNTHETIC_MVP_SPATIALIZED,Replace with official station/grid observations before ML validation
2025-10-01,2025,10,October,124,KMC Ward 124,22.530168,88.406849,152.1,13,36.1,High,ward_representative_point,SYNTHETIC_MVP_SPATIALIZED,Replace with official station/grid observations before ML validation
2025-11-01,2025,11,November,124,KMC Ward 124,22.530168,88.406849,31,4,12.4,Low,ward_representative_point,SYNTHETIC_MVP_SPATIALIZED,Replace with official station/grid observations before ML validation
2025-12-01,2025,12,December,124,KMC Ward 124,22.530168,88.406849,11.5,0,3.7,Very Low,ward_representative_point,SYNTHETIC_MVP_SPATIALIZED,Replace with official station/grid observations before ML validation
2026-01-01,2026,1,January,124,KMC Ward 124,22.530168,88.406849,11.5,0,3.2,Very Low,ward_representative_point,SYNTHETIC_MVP_SPATIALIZED,Replace with official station/grid observations before ML validation
2026-02-01,2026,2,February,124,KMC Ward 124,22.530168,88.406849,15.1,2,4,Very Low,ward_representative_point,SYNTHETIC_MVP_SPATIALIZED,Replace with official station/grid observations before ML validation
2026-03-01,2026,3,March,124,KMC Ward 124,22.530168,88.406849,35.3,2,14.2,Low,ward_representative_point,SYNTHETIC_MVP_SPATIALIZED,Replace with official station/grid observations before ML validation
2026-04-01,2026,4,April,124,KMC Ward 124,22.530168,88.406849,50.3,5,16.8,Moderate,ward_representative_point,SYNTHETIC_MVP_SPATIALIZED,Replace with official station/grid observations before ML validation
2026-05-01,2026,5,May,124,KMC Ward 124,22.530168,88.406849,166.2,8,70.7,High,ward_representative_point,SYNTHETIC_MVP_SPATIALIZED,Replace with official station/grid observations before ML validation
2026-06-01,2026,6,June,124,KMC Ward 124,22.530168,88.406849,246.2,21,84.5,High,ward_representative_point,SYNTHETIC_MVP_SPATIALIZED,Replace with official station/grid observations before ML validation
2026-07-01,2026,7,July,124,KMC Ward 124,22.530168,88.406849,260.7,24,78.6,High,ward_representative_point,SYNTHETIC_MVP_SPATIALIZED,Replace with official station/grid observations before ML validation
2026-08-01,2026,8,August,124,KMC Ward 124,22.530168,88.406849,295.7,23,95.9,High,ward_representative_point,SYNTHETIC_MVP_SPATIALIZED,Replace with official station/grid observations before ML validation
2025-09-01,2025,9,September,125,KMC Ward 125,22.518263,88.430597,178.1,12,78.8,High,ward_representative_point,SYNTHETIC_MVP_SPATIALIZED,Replace with official station/grid observations before ML validation
2025-10-01,2025,10,October,125,KMC Ward 125,22.518263,88.430597,174.8,15,59.2,High,ward_representative_point,SYNTHETIC_MVP_SPATIALIZED,Replace with official station/grid observations before ML validation
2025-11-01,2025,11,November,125,KMC Ward 125,22.518263,88.430597,41,4,8.4,Low,ward_representative_point,SYNTHETIC_MVP_SPATIALIZED,Replace with official station/grid observations before ML validation
2025-12-01,2025,12,December,125,KMC Ward 125,22.518263,88.430597,9.6,1,2.3,Very Low,ward_representative_point,SYNTHETIC_MVP_SPATIALIZED,Replace with official station/grid observations before ML validation
2026-01-01,2026,1,January,125,KMC Ward 125,22.518263,88.430597,8.9,0,2.7,Very Low,ward_representative_point,SYNTHETIC_MVP_SPATIALIZED,Replace with official station/grid observations before ML validation
2026-02-01,2026,2,February,125,KMC Ward 125,22.518263,88.430597,21.2,5,7.2,Low,ward_representative_point,SYNTHETIC_MVP_SPATIALIZED,Replace with official station/grid observations before ML validation
2026-03-01,2026,3,March,125,KMC Ward 125,22.518263,88.430597,25.2,2,5.6,Low,ward_representative_point,SYNTHETIC_MVP_SPATIALIZED,Replace with official station/grid observations before ML validation
2026-04-01,2026,4,April,125,KMC Ward 125,22.518263,88.430597,50.7,6,19.6,Moderate,ward_representative_point,SYNTHETIC_MVP_SPATIALIZED,Replace with official station/grid observations before ML validation
2026-05-01,2026,5,May,125,KMC Ward 125,22.518263,88.430597,130.8,11,39.1,Moderate,ward_representative_point,SYNTHETIC_MVP_SPATIALIZED,Replace with official station/grid observations before ML validation
2026-06-01,2026,6,June,125,KMC Ward 125,22.518263,88.430597,278.5,23,67.2,High,ward_representative_point,SYNTHETIC_MVP_SPATIALIZED,Replace with official station/grid observations before ML validation
2026-07-01,2026,7,July,125,KMC Ward 125,22.518263,88.430597,289.3,24,93.6,High,ward_representative_point,SYNTHETIC_MVP_SPATIALIZED,Replace with official station/grid observations before ML validation
2026-08-01,2026,8,August,125,KMC Ward 125,22.518263,88.430597,201.6,18,90.2,High,ward_representative_point,SYNTHETIC_MVP_SPATIALIZED,Replace with official station/grid observations before ML validation
2025-09-01,2025,9,September,126,KMC Ward 126,22.56048,88.383429,255.4,24,96.8,High,ward_representative_point,SYNTHETIC_MVP_SPATIALIZED,Replace with official station/grid observations before ML validation
2025-10-01,2025,10,October,126,KMC Ward 126,22.56048,88.383429,104.1,10,32.6,Moderate,ward_representative_point,SYNTHETIC_MVP_SPATIALIZED,Replace with official station/grid observations before ML validation
2025-11-01,2025,11,November,126,KMC Ward 126,22.56048,88.383429,39.6,3,9,Low,ward_representative_point,SYNTHETIC_MVP_SPATIALIZED,Replace with official station/grid observations before ML validation
2025-12-01,2025,12,December,126,KMC Ward 126,22.56048,88.383429,10.9,1,4.3,Very Low,ward_representative_point,SYNTHETIC_MVP_SPATIALIZED,Replace with official station/grid observations before ML validation
2026-01-01,2026,1,January,126,KMC Ward 126,22.56048,88.383429,7.7,0,1.8,Very Low,ward_representative_point,SYNTHETIC_MVP_SPATIALIZED,Replace with official station/grid observations before ML validation
2026-02-01,2026,2,February,126,KMC Ward 126,22.56048,88.383429,19.8,3,4.4,Very Low,ward_representative_point,SYNTHETIC_MVP_SPATIALIZED,Replace with official station/grid observations before ML validation
2026-03-01,2026,3,March,126,KMC Ward 126,22.56048,88.383429,44.5,3,11.3,Low,ward_representative_point,SYNTHETIC_MVP_SPATIALIZED,Replace with official station/grid observations before ML validation
2026-04-01,2026,4,April,126,KMC Ward 126,22.56048,88.383429,51.1,4,10.5,Moderate,ward_representative_point,SYNTHETIC_MVP_SPATIALIZED,Replace with official station/grid observations before ML validation
2026-05-01,2026,5,May,126,KMC Ward 126,22.56048,88.383429,136.9,12,51.5,Moderate,ward_representative_point,SYNTHETIC_MVP_SPATIALIZED,Replace with official station/grid observations before ML validation
2026-06-01,2026,6,June,126,KMC Ward 126,22.56048,88.383429,261.5,23,77.7,High,ward_representative_point,SYNTHETIC_MVP_SPATIALIZED,Replace with official station/grid observations before ML validation
2026-07-01,2026,7,July,126,KMC Ward 126,22.56048,88.383429,411.4,31,164.2,Very High,ward_representative_point,SYNTHETIC_MVP_SPATIALIZED,Replace with official station/grid observations before ML validation
2026-08-01,2026,8,August,126,KMC Ward 126,22.56048,88.383429,250.8,24,54.7,High,ward_representative_point,SYNTHETIC_MVP_SPATIALIZED,Replace with official station/grid observations before ML validation
2025-09-01,2025,9,September,127,KMC Ward 127,22.545364,88.402405,236.6,23,61.9,High,ward_representative_point,SYNTHETIC_MVP_SPATIALIZED,Replace with official station/grid observations before ML validation
2025-10-01,2025,10,October,127,KMC Ward 127,22.545364,88.402405,115.7,11,51.2,Moderate,ward_representative_point,SYNTHETIC_MVP_SPATIALIZED,Replace with official station/grid observations before ML validation
2025-11-01,2025,11,November,127,KMC Ward 127,22.545364,88.402405,45.9,3,16.8,Low,ward_representative_point,SYNTHETIC_MVP_SPATIALIZED,Replace with official station/grid observations before ML validation
2025-12-01,2025,12,December,127,KMC Ward 127,22.545364,88.402405,12.1,0,4,Very Low,ward_representative_point,SYNTHETIC_MVP_SPATIALIZED,Replace with official station/grid observations before ML validation
2026-01-01,2026,1,January,127,KMC Ward 127,22.545364,88.402405,10.4,0,4.1,Very Low,ward_representative_point,SYNTHETIC_MVP_SPATIALIZED,Replace with official station/grid observations before ML validation
2026-02-01,2026,2,February,127,KMC Ward 127,22.545364,88.402405,18.7,0,4.3,Very Low,ward_representative_point,SYNTHETIC_MVP_SPATIALIZED,Replace with official station/grid observations before ML validation
2026-03-01,2026,3,March,127,KMC Ward 127,22.545364,88.402405,27.3,1,7.8,Low,ward_representative_point,SYNTHETIC_MVP_SPATIALIZED,Replace with official station/grid observations before ML validation
2026-04-01,2026,4,April,127,KMC Ward 127,22.545364,88.402405,71.4,4,19.2,Moderate,ward_representative_point,SYNTHETIC_MVP_SPATIALIZED,Replace with official station/grid observations before ML validation
2026-05-01,2026,5,May,127,KMC Ward 127,22.545364,88.402405,97.3,10,26.4,Moderate,ward_representative_point,SYNTHETIC_MVP_SPATIALIZED,Replace with official station/grid observations before ML validation
2026-06-01,2026,6,June,127,KMC Ward 127,22.545364,88.402405,313.3,25,90,Very High,ward_representative_point,SYNTHETIC_MVP_SPATIALIZED,Replace with official station/grid observations before ML validation
2026-07-01,2026,7,July,127,KMC Ward 127,22.545364,88.402405,340.8,30,114.4,Very High,ward_representative_point,SYNTHETIC_MVP_SPATIALIZED,Replace with official station/grid observations before ML validation
2026-08-01,2026,8,August,127,KMC Ward 127,22.545364,88.402405,391,31,138.4,Very High,ward_representative_point,SYNTHETIC_MVP_SPATIALIZED,Replace with official station/grid observations before ML validation
2025-09-01,2025,9,September,128,KMC Ward 128,22.536629,88.418713,212.3,16,43.2,High,ward_representative_point,SYNTHETIC_MVP_SPATIALIZED,Replace with official station/grid observations before ML validation
2025-10-01,2025,10,October,128,KMC Ward 128,22.536629,88.418713,111.3,10,46.6,Moderate,ward_representative_point,SYNTHETIC_MVP_SPATIALIZED,Replace with official station/grid observations before ML validation
2025-11-01,2025,11,November,128,KMC Ward 128,22.536629,88.418713,33.6,3,11.1,Low,ward_representative_point,SYNTHETIC_MVP_SPATIALIZED,Replace with official station/grid observations before ML validation
2025-12-01,2025,12,December,128,KMC Ward 128,22.536629,88.418713,13.3,6,3.6,Very Low,ward_representative_point,SYNTHETIC_MVP_SPATIALIZED,Replace with official station/grid observations before ML validation
2026-01-01,2026,1,January,128,KMC Ward 128,22.536629,88.418713,9.5,2,3.2,Very Low,ward_representative_point,SYNTHETIC_MVP_SPATIALIZED,Replace with official station/grid observations before ML validation
2026-02-01,2026,2,February,128,KMC Ward 128,22.536629,88.418713,15.3,0,6.2,Very Low,ward_representative_point,SYNTHETIC_MVP_SPATIALIZED,Replace with official station/grid observations before ML validation
2026-03-01,2026,3,March,128,KMC Ward 128,22.536629,88.418713,34.1,6,13.8,Low,ward_representative_point,SYNTHETIC_MVP_SPATIALIZED,Replace with official station/grid observations before ML validation
2026-04-01,2026,4,April,128,KMC Ward 128,22.536629,88.418713,66,8,16.7,Moderate,ward_representative_point,SYNTHETIC_MVP_SPATIALIZED,Replace with official station/grid observations before ML validation
2026-05-01,2026,5,May,128,KMC Ward 128,22.536629,88.418713,134.4,12,27,Moderate,ward_representative_point,SYNTHETIC_MVP_SPATIALIZED,Replace with official station/grid observations before ML validation
2026-06-01,2026,6,June,128,KMC Ward 128,22.536629,88.418713,182,14,44.8,High,ward_representative_point,SYNTHETIC_MVP_SPATIALIZED,Replace with official station/grid observations before ML validation
2026-07-01,2026,7,July,128,KMC Ward 128,22.536629,88.418713,395.1,31,129.8,Very High,ward_representative_point,SYNTHETIC_MVP_SPATIALIZED,Replace with official station/grid observations before ML validation
2026-08-01,2026,8,August,128,KMC Ward 128,22.536629,88.418713,356.9,30,77.5,Very High,ward_representative_point,SYNTHETIC_MVP_SPATIALIZED,Replace with official station/grid observations before ML validation
2025-09-01,2025,9,September,129,KMC Ward 129,22.530054,88.44966,170.5,18,52.1,High,ward_representative_point,SYNTHETIC_MVP_SPATIALIZED,Replace with official station/grid observations before ML validation
2025-10-01,2025,10,October,129,KMC Ward 129,22.530054,88.44966,221.5,16,50.5,High,ward_representative_point,SYNTHETIC_MVP_SPATIALIZED,Replace with official station/grid observations before ML validation
2025-11-01,2025,11,November,129,KMC Ward 129,22.530054,88.44966,41.7,0,10.3,Low,ward_representative_point,SYNTHETIC_MVP_SPATIALIZED,Replace with official station/grid observations before ML validation
2025-12-01,2025,12,December,129,KMC Ward 129,22.530054,88.44966,12.7,0,4.9,Very Low,ward_representative_point,SYNTHETIC_MVP_SPATIALIZED,Replace with official station/grid observations before ML validation
2026-01-01,2026,1,January,129,KMC Ward 129,22.530054,88.44966,10.6,0,2.3,Very Low,ward_representative_point,SYNTHETIC_MVP_SPATIALIZED,Replace with official station/grid observations before ML validation
2026-02-01,2026,2,February,129,KMC Ward 129,22.530054,88.44966,27,2,10.6,Low,ward_representative_point,SYNTHETIC_MVP_SPATIALIZED,Replace with official station/grid observations before ML validation
2026-03-01,2026,3,March,129,KMC Ward 129,22.530054,88.44966,40.5,2,13.4,Low,ward_representative_point,SYNTHETIC_MVP_SPATIALIZED,Replace with official station/grid observations before ML validation
2026-04-01,2026,4,April,129,KMC Ward 129,22.530054,88.44966,101,7,23,Moderate,ward_representative_point,SYNTHETIC_MVP_SPATIALIZED,Replace with official station/grid observations before ML validation
2026-05-01,2026,5,May,129,KMC Ward 129,22.530054,88.44966,86.9,8,28.1,Moderate,ward_representative_point,SYNTHETIC_MVP_SPATIALIZED,Replace with official station/grid observations before ML validation
2026-06-01,2026,6,June,129,KMC Ward 129,22.530054,88.44966,288,25,96.5,High,ward_representative_point,SYNTHETIC_MVP_SPATIALIZED,Replace with official station/grid observations before ML validation
2026-07-01,2026,7,July,129,KMC Ward 129,22.530054,88.44966,426.7,31,117.5,Very High,ward_representative_point,SYNTHETIC_MVP_SPATIALIZED,Replace with official station/grid observations before ML validation
2026-08-01,2026,8,August,129,KMC Ward 129,22.530054,88.44966,366.8,31,79.9,Very High,ward_representative_point,SYNTHETIC_MVP_SPATIALIZED,Replace with official station/grid observations before ML validation
2025-09-01,2025,9,September,130,KMC Ward 130,22.561501,88.385847,242.6,18,57.8,High,ward_representative_point,SYNTHETIC_MVP_SPATIALIZED,Replace with official station/grid observations before ML validation
2025-10-01,2025,10,October,130,KMC Ward 130,22.561501,88.385847,200.7,16,86.9,High,ward_representative_point,SYNTHETIC_MVP_SPATIALIZED,Replace with official station/grid observations before ML validation
2025-11-01,2025,11,November,130,KMC Ward 130,22.561501,88.385847,45.6,2,10.2,Low,ward_representative_point,SYNTHETIC_MVP_SPATIALIZED,Replace with official station/grid observations before ML validation
2025-12-01,2025,12,December,130,KMC Ward 130,22.561501,88.385847,10,2,2.1,Very Low,ward_representative_point,SYNTHETIC_MVP_SPATIALIZED,Replace with official station/grid observations before ML validation
2026-01-01,2026,1,January,130,KMC Ward 130,22.561501,88.385847,13.3,0,4.6,Very Low,ward_representative_point,SYNTHETIC_MVP_SPATIALIZED,Replace with official station/grid observations before ML validation
2026-02-01,2026,2,February,130,KMC Ward 130,22.561501,88.385847,27.7,0,7.9,Low,ward_representative_point,SYNTHETIC_MVP_SPATIALIZED,Replace with official station/grid observations before ML validation
2026-03-01,2026,3,March,130,KMC Ward 130,22.561501,88.385847,40.7,3,13.7,Low,ward_representative_point,SYNTHETIC_MVP_SPATIALIZED,Replace with official station/grid observations before ML validation
2026-04-01,2026,4,April,130,KMC Ward 130,22.561501,88.385847,76.9,6,30.4,Moderate,ward_representative_point,SYNTHETIC_MVP_SPATIALIZED,Replace with official station/grid observations before ML validation
2026-05-01,2026,5,May,130,KMC Ward 130,22.561501,88.385847,161.8,18,55.7,High,ward_representative_point,SYNTHETIC_MVP_SPATIALIZED,Replace with official station/grid observations before ML validation
2026-06-01,2026,6,June,130,KMC Ward 130,22.561501,88.385847,406.5,31,172.3,Very High,ward_representative_point,SYNTHETIC_MVP_SPATIALIZED,Replace with official station/grid observations before ML validation
2026-07-01,2026,7,July,130,KMC Ward 130,22.561501,88.385847,327.4,27,112.3,Very High,ward_representative_point,SYNTHETIC_MVP_SPATIALIZED,Replace with official station/grid observations before ML validation
2026-08-01,2026,8,August,130,KMC Ward 130,22.561501,88.385847,397.8,27,134.9,Very High,ward_representative_point,SYNTHETIC_MVP_SPATIALIZED,Replace with official station/grid observations before ML validation
2025-09-01,2025,9,September,131,KMC Ward 131,22.551043,88.405673,283.3,25,120.4,High,ward_representative_point,SYNTHETIC_MVP_SPATIALIZED,Replace with official station/grid observations before ML validation
2025-10-01,2025,10,October,131,KMC Ward 131,22.551043,88.405673,116.3,12,47.2,Moderate,ward_representative_point,SYNTHETIC_MVP_SPATIALIZED,Replace with official station/grid observations before ML validation
2025-11-01,2025,11,November,131,KMC Ward 131,22.551043,88.405673,46.1,5,9.6,Low,ward_representative_point,SYNTHETIC_MVP_SPATIALIZED,Replace with official station/grid observations before ML validation
2025-12-01,2025,12,December,131,KMC Ward 131,22.551043,88.405673,14.9,0,6.6,Very Low,ward_representative_point,SYNTHETIC_MVP_SPATIALIZED,Replace with official station/grid observations before ML validation
2026-01-01,2026,1,January,131,KMC Ward 131,22.551043,88.405673,6.7,0,1.8,Very Low,ward_representative_point,SYNTHETIC_MVP_SPATIALIZED,Replace with official station/grid observations before ML validation
2026-02-01,2026,2,February,131,KMC Ward 131,22.551043,88.405673,14.8,0,5.1,Very Low,ward_representative_point,SYNTHETIC_MVP_SPATIALIZED,Replace with official station/grid observations before ML validation
2026-03-01,2026,3,March,131,KMC Ward 131,22.551043,88.405673,44,3,9.1,Low,ward_representative_point,SYNTHETIC_MVP_SPATIALIZED,Replace with official station/grid observations before ML validation
2026-04-01,2026,4,April,131,KMC Ward 131,22.551043,88.405673,53.5,5,18.1,Moderate,ward_representative_point,SYNTHETIC_MVP_SPATIALIZED,Replace with official station/grid observations before ML validation
2026-05-01,2026,5,May,131,KMC Ward 131,22.551043,88.405673,96.8,7,32.3,Moderate,ward_representative_point,SYNTHETIC_MVP_SPATIALIZED,Replace with official station/grid observations before ML validation
2026-06-01,2026,6,June,131,KMC Ward 131,22.551043,88.405673,320.1,25,113.7,Very High,ward_representative_point,SYNTHETIC_MVP_SPATIALIZED,Replace with official station/grid observations before ML validation
2026-07-01,2026,7,July,131,KMC Ward 131,22.551043,88.405673,335.5,31,124.2,Very High,ward_representative_point,SYNTHETIC_MVP_SPATIALIZED,Replace with official station/grid observations before ML validation
2026-08-01,2026,8,August,131,KMC Ward 131,22.551043,88.405673,287.8,22,82.8,High,ward_representative_point,SYNTHETIC_MVP_SPATIALIZED,Replace with official station/grid observations before ML validation
2025-09-01,2025,9,September,132,KMC Ward 132,22.538573,88.434588,250.3,22,96.9,High,ward_representative_point,SYNTHETIC_MVP_SPATIALIZED,Replace with official station/grid observations before ML validation
2025-10-01,2025,10,October,132,KMC Ward 132,22.538573,88.434588,139.6,15,42.9,Moderate,ward_representative_point,SYNTHETIC_MVP_SPATIALIZED,Replace with official station/grid observations before ML validation
2025-11-01,2025,11,November,132,KMC Ward 132,22.538573,88.434588,32.2,0,9.5,Low,ward_representative_point,SYNTHETIC_MVP_SPATIALIZED,Replace with official station/grid observations before ML validation
2025-12-01,2025,12,December,132,KMC Ward 132,22.538573,88.434588,15.3,1,6.4,Very Low,ward_representative_point,SYNTHETIC_MVP_SPATIALIZED,Replace with official station/grid observations before ML validation
2026-01-01,2026,1,January,132,KMC Ward 132,22.538573,88.434588,7.6,3,2,Very Low,ward_representative_point,SYNTHETIC_MVP_SPATIALIZED,Replace with official station/grid observations before ML validation
2026-02-01,2026,2,February,132,KMC Ward 132,22.538573,88.434588,15.9,1,6.4,Very Low,ward_representative_point,SYNTHETIC_MVP_SPATIALIZED,Replace with official station/grid observations before ML validation
2026-03-01,2026,3,March,132,KMC Ward 132,22.538573,88.434588,23.4,1,8.9,Low,ward_representative_point,SYNTHETIC_MVP_SPATIALIZED,Replace with official station/grid observations before ML validation
2026-04-01,2026,4,April,132,KMC Ward 132,22.538573,88.434588,78.5,8,24.6,Moderate,ward_representative_point,SYNTHETIC_MVP_SPATIALIZED,Replace with official station/grid observations before ML validation
2026-05-01,2026,5,May,132,KMC Ward 132,22.538573,88.434588,102.7,11,31.7,Moderate,ward_representative_point,SYNTHETIC_MVP_SPATIALIZED,Replace with official station/grid observations before ML validation
2026-06-01,2026,6,June,132,KMC Ward 132,22.538573,88.434588,327.6,30,101.7,Very High,ward_representative_point,SYNTHETIC_MVP_SPATIALIZED,Replace with official station/grid observations before ML validation
2026-07-01,2026,7,July,132,KMC Ward 132,22.538573,88.434588,350.9,31,137,Very High,ward_representative_point,SYNTHETIC_MVP_SPATIALIZED,Replace with official station/grid observations before ML validation
2026-08-01,2026,8,August,132,KMC Ward 132,22.538573,88.434588,368.3,29,153.8,Very High,ward_representative_point,SYNTHETIC_MVP_SPATIALIZED,Replace with official station/grid observations before ML validation
2025-09-01,2025,9,September,133,KMC Ward 133,22.539246,88.452929,261,24,116.7,High,ward_representative_point,SYNTHETIC_MVP_SPATIALIZED,Replace with official station/grid observations before ML validation
2025-10-01,2025,10,October,133,KMC Ward 133,22.539246,88.452929,151.1,10,43.7,High,ward_representative_point,SYNTHETIC_MVP_SPATIALIZED,Replace with official station/grid observations before ML validation
2025-11-01,2025,11,November,133,KMC Ward 133,22.539246,88.452929,32.4,2,7.6,Low,ward_representative_point,SYNTHETIC_MVP_SPATIALIZED,Replace with official station/grid observations before ML validation
2025-12-01,2025,12,December,133,KMC Ward 133,22.539246,88.452929,18.8,2,4.5,Very Low,ward_representative_point,SYNTHETIC_MVP_SPATIALIZED,Replace with official station/grid observations before ML validation
2026-01-01,2026,1,January,133,KMC Ward 133,22.539246,88.452929,9.6,4,3.1,Very Low,ward_representative_point,SYNTHETIC_MVP_SPATIALIZED,Replace with official station/grid observations before ML validation
2026-02-01,2026,2,February,133,KMC Ward 133,22.539246,88.452929,22.7,2,4.6,Low,ward_representative_point,SYNTHETIC_MVP_SPATIALIZED,Replace with official station/grid observations before ML validation
2026-03-01,2026,3,March,133,KMC Ward 133,22.539246,88.452929,38.2,2,12.9,Low,ward_representative_point,SYNTHETIC_MVP_SPATIALIZED,Replace with official station/grid observations before ML validation
2026-04-01,2026,4,April,133,KMC Ward 133,22.539246,88.452929,84.6,11,28.6,Moderate,ward_representative_point,SYNTHETIC_MVP_SPATIALIZED,Replace with official station/grid observations before ML validation
2026-05-01,2026,5,May,133,KMC Ward 133,22.539246,88.452929,168.7,15,49,High,ward_representative_point,SYNTHETIC_MVP_SPATIALIZED,Replace with official station/grid observations before ML validation
2026-06-01,2026,6,June,133,KMC Ward 133,22.539246,88.452929,246.9,22,108.6,High,ward_representative_point,SYNTHETIC_MVP_SPATIALIZED,Replace with official station/grid observations before ML validation
2026-07-01,2026,7,July,133,KMC Ward 133,22.539246,88.452929,400,31,81.7,Very High,ward_representative_point,SYNTHETIC_MVP_SPATIALIZED,Replace with official station/grid observations before ML validation
2026-08-01,2026,8,August,133,KMC Ward 133,22.539246,88.452929,264.8,22,104.7,High,ward_representative_point,SYNTHETIC_MVP_SPATIALIZED,Replace with official station/grid observations before ML validation
2025-09-01,2025,9,September,134,KMC Ward 134,22.555756,88.39277,245.6,17,87.3,High,ward_representative_point,SYNTHETIC_MVP_SPATIALIZED,Replace with official station/grid observations before ML validation
2025-10-01,2025,10,October,134,KMC Ward 134,22.555756,88.39277,165.4,13,54.5,High,ward_representative_point,SYNTHETIC_MVP_SPATIALIZED,Replace with official station/grid observations before ML validation
2025-11-01,2025,11,November,134,KMC Ward 134,22.555756,88.39277,41.7,4,12.7,Low,ward_representative_point,SYNTHETIC_MVP_SPATIALIZED,Replace with official station/grid observations before ML validation
2025-12-01,2025,12,December,134,KMC Ward 134,22.555756,88.39277,8.8,0,4,Very Low,ward_representative_point,SYNTHETIC_MVP_SPATIALIZED,Replace with official station/grid observations before ML validation
2026-01-01,2026,1,January,134,KMC Ward 134,22.555756,88.39277,10.8,2,4.4,Very Low,ward_representative_point,SYNTHETIC_MVP_SPATIALIZED,Replace with official station/grid observations before ML validation
2026-02-01,2026,2,February,134,KMC Ward 134,22.555756,88.39277,19.1,3,4.4,Very Low,ward_representative_point,SYNTHETIC_MVP_SPATIALIZED,Replace with official station/grid observations before ML validation
2026-03-01,2026,3,March,134,KMC Ward 134,22.555756,88.39277,35.6,3,15.5,Low,ward_representative_point,SYNTHETIC_MVP_SPATIALIZED,Replace with official station/grid observations before ML validation
2026-04-01,2026,4,April,134,KMC Ward 134,22.555756,88.39277,61.4,9,17.9,Moderate,ward_representative_point,SYNTHETIC_MVP_SPATIALIZED,Replace with official station/grid observations before ML validation
2026-05-01,2026,5,May,134,KMC Ward 134,22.555756,88.39277,156.8,9,40.4,High,ward_representative_point,SYNTHETIC_MVP_SPATIALIZED,Replace with official station/grid observations before ML validation
2026-06-01,2026,6,June,134,KMC Ward 134,22.555756,88.39277,341.6,27,134.2,Very High,ward_representative_point,SYNTHETIC_MVP_SPATIALIZED,Replace with official station/grid observations before ML validation
2026-07-01,2026,7,July,134,KMC Ward 134,22.555756,88.39277,354,31,151.4,Very High,ward_representative_point,SYNTHETIC_MVP_SPATIALIZED,Replace with official station/grid observations before ML validation
2026-08-01,2026,8,August,134,KMC Ward 134,22.555756,88.39277,342.9,29,132.2,Very High,ward_representative_point,SYNTHETIC_MVP_SPATIALIZED,Replace with official station/grid observations before ML validation
2025-09-01,2025,9,September,135,KMC Ward 135,22.557698,88.418877,281.9,25,87.9,High,ward_representative_point,SYNTHETIC_MVP_SPATIALIZED,Replace with official station/grid observations before ML validation
2025-10-01,2025,10,October,135,KMC Ward 135,22.557698,88.418877,176.1,14,57.3,High,ward_representative_point,SYNTHETIC_MVP_SPATIALIZED,Replace with official station/grid observations before ML validation
2025-11-01,2025,11,November,135,KMC Ward 135,22.557698,88.418877,31,4,7.6,Low,ward_representative_point,SYNTHETIC_MVP_SPATIALIZED,Replace with official station/grid observations before ML validation
2025-12-01,2025,12,December,135,KMC Ward 135,22.557698,88.418877,11.9,1,3.3,Very Low,ward_representative_point,SYNTHETIC_MVP_SPATIALIZED,Replace with official station/grid observations before ML validation
2026-01-01,2026,1,January,135,KMC Ward 135,22.557698,88.418877,11.4,3,4.5,Very Low,ward_representative_point,SYNTHETIC_MVP_SPATIALIZED,Replace with official station/grid observations before ML validation
2026-02-01,2026,2,February,135,KMC Ward 135,22.557698,88.418877,15.2,1,6.1,Very Low,ward_representative_point,SYNTHETIC_MVP_SPATIALIZED,Replace with official station/grid observations before ML validation
2026-03-01,2026,3,March,135,KMC Ward 135,22.557698,88.418877,38.9,2,16.8,Low,ward_representative_point,SYNTHETIC_MVP_SPATIALIZED,Replace with official station/grid observations before ML validation
2026-04-01,2026,4,April,135,KMC Ward 135,22.557698,88.418877,66,3,17.6,Moderate,ward_representative_point,SYNTHETIC_MVP_SPATIALIZED,Replace with official station/grid observations before ML validation
2026-05-01,2026,5,May,135,KMC Ward 135,22.557698,88.418877,157.8,10,63.8,High,ward_representative_point,SYNTHETIC_MVP_SPATIALIZED,Replace with official station/grid observations before ML validation
2026-06-01,2026,6,June,135,KMC Ward 135,22.557698,88.418877,354.2,29,78.7,Very High,ward_representative_point,SYNTHETIC_MVP_SPATIALIZED,Replace with official station/grid observations before ML validation
2026-07-01,2026,7,July,135,KMC Ward 135,22.557698,88.418877,276.1,25,117,High,ward_representative_point,SYNTHETIC_MVP_SPATIALIZED,Replace with official station/grid observations before ML validation
2026-08-01,2026,8,August,135,KMC Ward 135,22.557698,88.418877,247.2,21,64.7,High,ward_representative_point,SYNTHETIC_MVP_SPATIALIZED,Replace with official station/grid observations before ML validation
2025-09-01,2025,9,September,136,KMC Ward 136,22.556185,88.44607,284.7,23,116.4,High,ward_representative_point,SYNTHETIC_MVP_SPATIALIZED,Replace with official station/grid observations before ML validation
2025-10-01,2025,10,October,136,KMC Ward 136,22.556185,88.44607,121.8,10,27.8,Moderate,ward_representative_point,SYNTHETIC_MVP_SPATIALIZED,Replace with official station/grid observations before ML validation
2025-11-01,2025,11,November,136,KMC Ward 136,22.556185,88.44607,37,7,16.3,Low,ward_representative_point,SYNTHETIC_MVP_SPATIALIZED,Replace with official station/grid observations before ML validation
2025-12-01,2025,12,December,136,KMC Ward 136,22.556185,88.44607,10.4,1,3.4,Very Low,ward_representative_point,SYNTHETIC_MVP_SPATIALIZED,Replace with official station/grid observations before ML validation
2026-01-01,2026,1,January,136,KMC Ward 136,22.556185,88.44607,14.2,3,3.9,Very Low,ward_representative_point,SYNTHETIC_MVP_SPATIALIZED,Replace with official station/grid observations before ML validation
2026-02-01,2026,2,February,136,KMC Ward 136,22.556185,88.44607,18.7,3,8.3,Very Low,ward_representative_point,SYNTHETIC_MVP_SPATIALIZED,Replace with official station/grid observations before ML validation
2026-03-01,2026,3,March,136,KMC Ward 136,22.556185,88.44607,39.1,1,17.1,Low,ward_representative_point,SYNTHETIC_MVP_SPATIALIZED,Replace with official station/grid observations before ML validation
2026-04-01,2026,4,April,136,KMC Ward 136,22.556185,88.44607,66.4,6,13.8,Moderate,ward_representative_point,SYNTHETIC_MVP_SPATIALIZED,Replace with official station/grid observations before ML validation
2026-05-01,2026,5,May,136,KMC Ward 136,22.556185,88.44607,125.1,10,54.9,Moderate,ward_representative_point,SYNTHETIC_MVP_SPATIALIZED,Replace with official station/grid observations before ML validation
2026-06-01,2026,6,June,136,KMC Ward 136,22.556185,88.44607,235.6,19,68.3,High,ward_representative_point,SYNTHETIC_MVP_SPATIALIZED,Replace with official station/grid observations before ML validation
2026-07-01,2026,7,July,136,KMC Ward 136,22.556185,88.44607,510.9,31,150.6,Very High,ward_representative_point,SYNTHETIC_MVP_SPATIALIZED,Replace with official station/grid observations before ML validation
2026-08-01,2026,8,August,136,KMC Ward 136,22.556185,88.44607,463.8,31,198.6,Very High,ward_representative_point,SYNTHETIC_MVP_SPATIALIZED,Replace with official station/grid observations before ML validation
2025-09-01,2025,9,September,137,KMC Ward 137,22.551742,88.466008,245.3,19,88.8,High,ward_representative_point,SYNTHETIC_MVP_SPATIALIZED,Replace with official station/grid observations before ML validation
2025-10-01,2025,10,October,137,KMC Ward 137,22.551742,88.466008,153.5,10,51.7,High,ward_representative_point,SYNTHETIC_MVP_SPATIALIZED,Replace with official station/grid observations before ML validation
2025-11-01,2025,11,November,137,KMC Ward 137,22.551742,88.466008,36.6,3,9.6,Low,ward_representative_point,SYNTHETIC_MVP_SPATIALIZED,Replace with official station/grid observations before ML validation
2025-12-01,2025,12,December,137,KMC Ward 137,22.551742,88.466008,10.1,1,4.2,Very Low,ward_representative_point,SYNTHETIC_MVP_SPATIALIZED,Replace with official station/grid observations before ML validation
2026-01-01,2026,1,January,137,KMC Ward 137,22.551742,88.466008,4.1,0,1.1,Very Low,ward_representative_point,SYNTHETIC_MVP_SPATIALIZED,Replace with official station/grid observations before ML validation
2026-02-01,2026,2,February,137,KMC Ward 137,22.551742,88.466008,19,1,4,Very Low,ward_representative_point,SYNTHETIC_MVP_SPATIALIZED,Replace with official station/grid observations before ML validation
2026-03-01,2026,3,March,137,KMC Ward 137,22.551742,88.466008,32.5,3,12.9,Low,ward_representative_point,SYNTHETIC_MVP_SPATIALIZED,Replace with official station/grid observations before ML validation
2026-04-01,2026,4,April,137,KMC Ward 137,22.551742,88.466008,42.5,4,18.7,Low,ward_representative_point,SYNTHETIC_MVP_SPATIALIZED,Replace with official station/grid observations before ML validation
2026-05-01,2026,5,May,137,KMC Ward 137,22.551742,88.466008,152.7,10,56,High,ward_representative_point,SYNTHETIC_MVP_SPATIALIZED,Replace with official station/grid observations before ML validation
2026-06-01,2026,6,June,137,KMC Ward 137,22.551742,88.466008,318.4,26,89.9,Very High,ward_representative_point,SYNTHETIC_MVP_SPATIALIZED,Replace with official station/grid observations before ML validation
2026-07-01,2026,7,July,137,KMC Ward 137,22.551742,88.466008,327.2,29,106.9,Very High,ward_representative_point,SYNTHETIC_MVP_SPATIALIZED,Replace with official station/grid observations before ML validation
2026-08-01,2026,8,August,137,KMC Ward 137,22.551742,88.466008,282.1,23,106.4,High,ward_representative_point,SYNTHETIC_MVP_SPATIALIZED,Replace with official station/grid observations before ML validation
2025-09-01,2025,9,September,138,KMC Ward 138,22.566146,88.400972,240.6,25,63.6,High,ward_representative_point,SYNTHETIC_MVP_SPATIALIZED,Replace with official station/grid observations before ML validation
2025-10-01,2025,10,October,138,KMC Ward 138,22.566146,88.400972,159,12,67.7,High,ward_representative_point,SYNTHETIC_MVP_SPATIALIZED,Replace with official station/grid observations before ML validation
2025-11-01,2025,11,November,138,KMC Ward 138,22.566146,88.400972,32.4,3,7.3,Low,ward_representative_point,SYNTHETIC_MVP_SPATIALIZED,Replace with official station/grid observations before ML validation
2025-12-01,2025,12,December,138,KMC Ward 138,22.566146,88.400972,12.7,0,5.5,Very Low,ward_representative_point,SYNTHETIC_MVP_SPATIALIZED,Replace with official station/grid observations before ML validation
2026-01-01,2026,1,January,138,KMC Ward 138,22.566146,88.400972,9,3,2.7,Very Low,ward_representative_point,SYNTHETIC_MVP_SPATIALIZED,Replace with official station/grid observations before ML validation
2026-02-01,2026,2,February,138,KMC Ward 138,22.566146,88.400972,15.2,3,5.7,Very Low,ward_representative_point,SYNTHETIC_MVP_SPATIALIZED,Replace with official station/grid observations before ML validation
2026-03-01,2026,3,March,138,KMC Ward 138,22.566146,88.400972,29.6,2,6.4,Low,ward_representative_point,SYNTHETIC_MVP_SPATIALIZED,Replace with official station/grid observations before ML validation
2026-04-01,2026,4,April,138,KMC Ward 138,22.566146,88.400972,64.7,6,16.8,Moderate,ward_representative_point,SYNTHETIC_MVP_SPATIALIZED,Replace with official station/grid observations before ML validation
2026-05-01,2026,5,May,138,KMC Ward 138,22.566146,88.400972,116.6,7,52.4,Moderate,ward_representative_point,SYNTHETIC_MVP_SPATIALIZED,Replace with official station/grid observations before ML validation
2026-06-01,2026,6,June,138,KMC Ward 138,22.566146,88.400972,186.2,16,61.3,High,ward_representative_point,SYNTHETIC_MVP_SPATIALIZED,Replace with official station/grid observations before ML validation
2026-07-01,2026,7,July,138,KMC Ward 138,22.566146,88.400972,349,30,82,Very High,ward_representative_point,SYNTHETIC_MVP_SPATIALIZED,Replace with official station/grid observations before ML validation
2026-08-01,2026,8,August,138,KMC Ward 138,22.566146,88.400972,375.5,31,150.8,Very High,ward_representative_point,SYNTHETIC_MVP_SPATIALIZED,Replace with official station/grid observations before ML validation
2025-09-01,2025,9,September,139,KMC Ward 139,22.564682,88.428206,218.3,18,76.6,High,ward_representative_point,SYNTHETIC_MVP_SPATIALIZED,Replace with official station/grid observations before ML validation
2025-10-01,2025,10,October,139,KMC Ward 139,22.564682,88.428206,175.8,12,60.9,High,ward_representative_point,SYNTHETIC_MVP_SPATIALIZED,Replace with official station/grid observations before ML validation
2025-11-01,2025,11,November,139,KMC Ward 139,22.564682,88.428206,39.6,5,14.3,Low,ward_representative_point,SYNTHETIC_MVP_SPATIALIZED,Replace with official station/grid observations before ML validation
2025-12-01,2025,12,December,139,KMC Ward 139,22.564682,88.428206,11.7,4,3.3,Very Low,ward_representative_point,SYNTHETIC_MVP_SPATIALIZED,Replace with official station/grid observations before ML validation
2026-01-01,2026,1,January,139,KMC Ward 139,22.564682,88.428206,7.1,2,3.2,Very Low,ward_representative_point,SYNTHETIC_MVP_SPATIALIZED,Replace with official station/grid observations before ML validation
2026-02-01,2026,2,February,139,KMC Ward 139,22.564682,88.428206,22.5,4,8,Low,ward_representative_point,SYNTHETIC_MVP_SPATIALIZED,Replace with official station/grid observations before ML validation
2026-03-01,2026,3,March,139,KMC Ward 139,22.564682,88.428206,35.1,3,11.9,Low,ward_representative_point,SYNTHETIC_MVP_SPATIALIZED,Replace with official station/grid observations before ML validation
2026-04-01,2026,4,April,139,KMC Ward 139,22.564682,88.428206,70.9,7,15.6,Moderate,ward_representative_point,SYNTHETIC_MVP_SPATIALIZED,Replace with official station/grid observations before ML validation
2026-05-01,2026,5,May,139,KMC Ward 139,22.564682,88.428206,151.2,14,56.6,High,ward_representative_point,SYNTHETIC_MVP_SPATIALIZED,Replace with official station/grid observations before ML validation
2026-06-01,2026,6,June,139,KMC Ward 139,22.564682,88.428206,252.6,21,94.1,High,ward_representative_point,SYNTHETIC_MVP_SPATIALIZED,Replace with official station/grid observations before ML validation
2026-07-01,2026,7,July,139,KMC Ward 139,22.564682,88.428206,270.5,24,106,High,ward_representative_point,SYNTHETIC_MVP_SPATIALIZED,Replace with official station/grid observations before ML validation
2026-08-01,2026,8,August,139,KMC Ward 139,22.564682,88.428206,357.8,31,143.6,Very High,ward_representative_point,SYNTHETIC_MVP_SPATIALIZED,Replace with official station/grid observations before ML validation
2025-09-01,2025,9,September,140,KMC Ward 140,22.562954,88.451758,330.9,28,93.9,Very High,ward_representative_point,SYNTHETIC_MVP_SPATIALIZED,Replace with official station/grid observations before ML validation
2025-10-01,2025,10,October,140,KMC Ward 140,22.562954,88.451758,124.1,8,52.8,Moderate,ward_representative_point,SYNTHETIC_MVP_SPATIALIZED,Replace with official station/grid observations before ML validation
2025-11-01,2025,11,November,140,KMC Ward 140,22.562954,88.451758,24,1,8.6,Low,ward_representative_point,SYNTHETIC_MVP_SPATIALIZED,Replace with official station/grid observations before ML validation
2025-12-01,2025,12,December,140,KMC Ward 140,22.562954,88.451758,14.6,5,3.8,Very Low,ward_representative_point,SYNTHETIC_MVP_SPATIALIZED,Replace with official station/grid observations before ML validation
2026-01-01,2026,1,January,140,KMC Ward 140,22.562954,88.451758,8,0,3.1,Very Low,ward_representative_point,SYNTHETIC_MVP_SPATIALIZED,Replace with official station/grid observations before ML validation
2026-02-01,2026,2,February,140,KMC Ward 140,22.562954,88.451758,19.7,3,8.6,Very Low,ward_representative_point,SYNTHETIC_MVP_SPATIALIZED,Replace with official station/grid observations before ML validation
2026-03-01,2026,3,March,140,KMC Ward 140,22.562954,88.451758,30.4,7,10.6,Low,ward_representative_point,SYNTHETIC_MVP_SPATIALIZED,Replace with official station/grid observations before ML validation
2026-04-01,2026,4,April,140,KMC Ward 140,22.562954,88.451758,68.5,8,28.8,Moderate,ward_representative_point,SYNTHETIC_MVP_SPATIALIZED,Replace with official station/grid observations before ML validation
2026-05-01,2026,5,May,140,KMC Ward 140,22.562954,88.451758,170.4,21,47.5,High,ward_representative_point,SYNTHETIC_MVP_SPATIALIZED,Replace with official station/grid observations before ML validation
2026-06-01,2026,6,June,140,KMC Ward 140,22.562954,88.451758,491.3,31,127.8,Very High,ward_representative_point,SYNTHETIC_MVP_SPATIALIZED,Replace with official station/grid observations before ML validation
2026-07-01,2026,7,July,140,KMC Ward 140,22.562954,88.451758,415.2,31,181.6,Very High,ward_representative_point,SYNTHETIC_MVP_SPATIALIZED,Replace with official station/grid observations before ML validation
2026-08-01,2026,8,August,140,KMC Ward 140,22.562954,88.451758,246,19,62.7,High,ward_representative_point,SYNTHETIC_MVP_SPATIALIZED,Replace with official station/grid observations before ML validation
2025-09-01,2025,9,September,141,KMC Ward 141,22.57623,88.384687,220.3,22,66.9,High,ward_representative_point,SYNTHETIC_MVP_SPATIALIZED,Replace with official station/grid observations before ML validation
2025-10-01,2025,10,October,141,KMC Ward 141,22.57623,88.384687,145.9,12,54.9,Moderate,ward_representative_point,SYNTHETIC_MVP_SPATIALIZED,Replace with official station/grid observations before ML validation
2025-11-01,2025,11,November,141,KMC Ward 141,22.57623,88.384687,41.4,0,15.6,Low,ward_representative_point,SYNTHETIC_MVP_SPATIALIZED,Replace with official station/grid observations before ML validation
2025-12-01,2025,12,December,141,KMC Ward 141,22.57623,88.384687,13.3,2,3.4,Very Low,ward_representative_point,SYNTHETIC_MVP_SPATIALIZED,Replace with official station/grid observations before ML validation
2026-01-01,2026,1,January,141,KMC Ward 141,22.57623,88.384687,9.3,0,2.9,Very Low,ward_representative_point,SYNTHETIC_MVP_SPATIALIZED,Replace with official station/grid observations before ML validation
2026-02-01,2026,2,February,141,KMC Ward 141,22.57623,88.384687,16.2,1,4.2,Very Low,ward_representative_point,SYNTHETIC_MVP_SPATIALIZED,Replace with official station/grid observations before ML validation
2026-03-01,2026,3,March,141,KMC Ward 141,22.57623,88.384687,25.8,2,10.5,Low,ward_representative_point,SYNTHETIC_MVP_SPATIALIZED,Replace with official station/grid observations before ML validation
2026-04-01,2026,4,April,141,KMC Ward 141,22.57623,88.384687,57.1,3,12.7,Moderate,ward_representative_point,SYNTHETIC_MVP_SPATIALIZED,Replace with official station/grid observations before ML validation
2026-05-01,2026,5,May,141,KMC Ward 141,22.57623,88.384687,147.3,14,54.1,Moderate,ward_representative_point,SYNTHETIC_MVP_SPATIALIZED,Replace with official station/grid observations before ML validation
2026-06-01,2026,6,June,141,KMC Ward 141,22.57623,88.384687,254.3,19,57.7,High,ward_representative_point,SYNTHETIC_MVP_SPATIALIZED,Replace with official station/grid observations before ML validation
2026-07-01,2026,7,July,141,KMC Ward 141,22.57623,88.384687,320.2,26,136.6,Very High,ward_representative_point,SYNTHETIC_MVP_SPATIALIZED,Replace with official station/grid observations before ML validation
2026-08-01,2026,8,August,141,KMC Ward 141,22.57623,88.384687,370.2,31,74.7,Very High,ward_representative_point,SYNTHETIC_MVP_SPATIALIZED,Replace with official station/grid observations before ML validation